0.550627397756,0.465705418169,0.194614509146,0.130486292616,0.197536688523,0.169753377798,0.177682332379,1.0,0.561454931875,0.173198197687,0.19478468606,0.224170933418
0.672107407861,0.510671979905,0.171399888429,0.117485081815,0.143968747852,0.140982863585,0.172098499029,1.0,0.637468305356,0.242273022202,0.208986493463,0.239288792378
1.0,0.703082883972,0.273779936445,0.129622332568,0.156405837439,0.206157641195,0.182362571895,0.860962403805,0.566849662674,0.269525952764,0.304166085734,0.45060061169
1.0,0.630349118251,0.242575224938,0.154291625558,0.204029114344,0.249870145514,0.308648919978,0.935615913014,0.679110679085,0.304293628714,0.260392057666,0.400493235143
0.631790378071,0.562543446629,0.230174261134,0.129952501082,0.292745653034,0.228779162941,0.222355855957,1.0,0.736155565729,0.292127445136,0.302841882397,0.322301487557
1.0,0.888333019477,0.315322666165,0.239352891513,0.494815124623,0.328597776201,0.275145602387,0.968377423935,0.650970066046,0.307619735953,0.354442099786,0.264395477496
1.0,0.780099248506,0.282397463206,0.208223666193,0.257446665469,0.228306899112,0.201762894645,0.549490604575,0.495006620458,0.330333577921,0.294275845099,0.304213581101
0.978688882007,0.801368018596,0.496048928593,0.298135956098,0.442269330576,0.293059182108,0.291195385086,1.0,0.808252902927,0.33486828296,0.290365527238,0.593392055636
0.884133182545,1.0,0.499487449869,0.300192553582,0.417285721716,0.362273906735,0.298093790449,0.849180348805,0.830121674061,0.426162691304,0.321460889975,0.393586411845
1.0,0.863797121238,0.417673485858,0.273718767791,0.286653028284,0.300432522068,0.341842403171,0.860495431454,0.570492601334,0.293802134751,0.412349155108,0.482217676095
0.864204319476,0.556121163634,0.265804507512,0.213044447245,0.221359739311,0.205263871603,0.271736338922,1.0,0.66454957108,0.308940712447,0.318602149563,0.358065030787
1.0,0.662515135929,0.338705995985,0.246163162926,0.321389271811,0.243339050883,0.316137751322,0.908644549522,0.780531280257,0.294661779327,0.35369920868,0.456115860203
0.772876559605,0.75198957237,0.379579049174,0.348267066977,0.344295641215,0.352990621305,0.470987580285,1.0,0.964569365294,0.427647370005,0.666431893656,0.540110755485
1.0,0.785487580153,0.35146784683,0.215021968101,0.31654757002,0.253023535753,0.382331519703,0.877390440809,0.853649357999,0.37117162778,0.759345574489,0.680637750442
1.0,0.775468725688,0.397004923367,0.238922066252,0.317239114449,0.420967121656,0.407055476848,0.858522451262,0.815232132333,0.411233385256,0.610587537114,0.695462776275
0.30113419606,0.318483468959,0.256389289106,0.216049033758,0.387750074823,0.49602054536,0.548085288714,1.0,0.991750386045,0.373345539474,0.304821850965,0.321973169093
0.374173874549,1.0,0.333612624952,0.164711250687,0.177741810325,0.174157861596,0.286232214467,0.367511128144,0.574172429056,0.296207291128,0.367294765104,0.272248839193
0.415967554493,1.0,0.384474937165,0.231814866933,0.160769523867,0.182849768415,0.437451971259,0.656123780685,0.843430624741,0.465291864825,0.527186850032,0.313582215575
0.527924673658,0.708798060369,0.365252145142,0.231732011777,0.167916218884,0.232140372835,0.523891671428,0.776264094315,1.0,0.450719604342,0.551772649964,0.423677138783
0.177452448043,0.168471271764,0.210079205039,0.162588994212,0.159095986641,0.186252762077,0.308118315208,0.727183645704,1.0,0.289751617204,0.550244948209,0.44370786379
0.370756741036,0.753376445392,1.0,0.804840716632,0.589284287655,0.479591103316,0.339361281501,0.735338468076,0.854937927899,0.454038513689,0.478165826522,0.447672482345
0.692477677445,0.906890575775,0.927192727871,0.727752200012,0.462316093928,0.454083546109,0.436861454269,0.386712242533,0.499698322179,0.320815540031,1.0,0.607048098397
0.709913465699,0.895896677473,1.0,0.548755803256,0.477432617035,0.309917943327,0.375220541788,0.35198841925,0.626519380039,0.432671815345,0.540037072921,0.488275174822
0.863087274433,1.0,0.700036658235,0.39816459057,0.434956206793,0.752281721039,0.962585869056,0.549983226445,0.698391503237,0.627288677056,0.678647514951,0.657110289582
0.548156785245,0.605758882951,0.40850445153,0.380557511441,0.273449382443,0.789870436573,0.651063399023,0.258902473211,0.232691622554,1.0,0.589387309181,0.323648767776
0.564586687359,0.457189319132,0.388066995374,0.734438818608,0.357447086409,0.832869729284,0.819657660286,0.375956055791,0.572018008318,1.0,0.719707587293,0.627777253569
0.204973123837,0.229846011002,0.326007120275,0.444915532409,0.127483524739,0.243880671681,0.378355894895,0.276606628538,0.3368840194,0.331584484994,0.672579372264,1.0
0.647847761593,0.585881544097,0.613348167706,0.678393471891,0.217456395611,0.448492418388,0.640228918208,0.698343662278,0.485956361719,0.389971679519,0.834192736986,1.0
0.885138572357,1.0,0.442220983868,0.316056029331,0.38152901147,0.24607389739,0.165864516177,0.492814074944,0.50583926143,0.199354464738,0.341560950179,0.450242275899
0.810432352556,1.0,0.679435791461,0.749423345179,0.44508969304,0.47264867293,0.306283545582,0.725511139899,0.489132091258,0.222509251265,0.654511172964,0.637650072228
0.414748957783,0.259539129776,0.289813127156,0.27536237315,0.158225389125,0.29360310313,0.339250287948,0.335361503225,0.298373466682,0.354665374391,0.75867118963,1.0
1.0,0.77062911235,0.603625967298,0.686548464847,0.280975112053,0.520639061473,0.386383528706,0.527637499489,0.447516428419,0.49598124339,0.562375356187,0.825163022752
0.618467877403,0.514586271202,0.377651982661,0.552134638381,0.244875458208,0.779931073078,0.553348750472,0.326565344893,0.403114445204,1.0,0.477168593809,0.296825991331
0.493233582521,0.628008217994,0.335997865246,0.47834958463,0.291672010223,0.762816047484,0.570775444852,0.336855933614,0.427358602523,1.0,0.831987149521,0.467658864761
0.361463954114,0.334314554945,0.309245458546,0.373530074189,0.149051054501,0.477845255566,0.382423548632,0.158019854474,0.23910312604,0.225523724621,0.800734262233,1.0
0.81872361265,0.592079215315,0.731586531653,1.0,0.506418190231,0.596285564248,0.509196182031,0.697527983729,0.742424868447,0.584832112688,0.78172255593,0.874007231327
1.0,0.839556329632,0.346944928691,0.315562769229,0.284749201667,0.257820805907,0.241164357938,0.84784247428,0.710480064398,0.359032635235,0.462081733105,0.451049412067
1.0,0.928279571096,0.65933931073,0.932612080762,0.316413004299,0.355599538599,0.384269901745,0.806150086599,0.562069744362,0.461453710172,0.956341262259,0.860694473715
0.44606193107,0.395551931476,0.298037113718,0.303877351451,0.202466678303,0.429587875056,0.422169549231,0.586557087136,0.496448087863,0.415241053612,1.0,0.859118822526
1.0,0.62321725138,0.599142932992,0.698461435708,0.298207568211,0.712191681415,0.581779204708,0.795240534239,0.50760388705,0.876485694057,0.809748564958,0.935979986735
0.659364936092,0.348844335806,0.229145287095,0.315387345334,0.252559408036,1.0,0.412139898869,0.136483873908,0.176023319883,0.63437216472,0.263060412522,0.169108578867
0.474367586262,0.375222710626,0.479893656033,0.849914879794,0.474801319548,0.979508019684,0.673491628816,0.42812668977,0.496867062475,1.0,0.744014829967,0.45350760538
0.509670580682,0.301882599868,0.43636864786,0.405358643772,0.153704401013,0.645054823465,0.475171979631,0.235909062637,0.374828440392,0.373149360565,0.796976482276,1.0
0.893736945815,0.670868852967,0.811040810902,1.0,0.527037576629,0.746590235713,0.5579408837,0.694162125317,0.593369820649,0.898118159125,0.819363481905,0.798913294583
1.0,0.776431362928,0.4129851326,0.36127412778,0.475743995743,0.323820015807,0.29412358437,0.562635462952,0.707850975764,0.534900431409,0.495473318016,0.496415629603
0.776468378674,0.730868958953,0.448414292907,0.741764224726,0.339062146896,0.413642008303,0.423503439497,0.90583240391,0.918125708554,0.70512514871,1.0,0.730578780158
0.578503065746,0.441416091218,0.361107447404,0.516277752882,0.256674038999,0.644102739509,0.682300918411,0.787462161335,0.806946693768,0.723820537275,1.0,0.918811460204
1.0,0.585081853395,0.489727910625,0.455466171999,0.18521360205,0.450515495659,0.397927577039,0.524496033742,0.330407936656,0.727845755139,0.38972023193,0.815962232333
0.696962779806,0.389113151074,0.317578656629,0.322221483282,0.280252249859,1.0,0.498069401072,0.194246892053,0.18114358431,0.631847522696,0.335087480322,0.239372521715
0.385315815456,0.249770746168,0.331406848039,0.502104820055,0.25137658005,0.683727167181,0.416579040894,0.258686599887,0.341717880791,1.0,0.666171711701,0.468219341771
0.349471555239,0.229271272159,0.328490374788,0.411598523449,0.147181521709,0.408615629746,0.447912154921,0.215899225233,0.346414518326,0.296265303857,0.867402639901,1.0
0.779114222749,0.411797861239,0.633713900957,0.950104791831,0.394649639872,0.481419328583,0.62469179941,1.0,0.526983569999,0.38838262388,0.783192784102,0.824183736897
1.0,0.757644170104,0.454535553902,0.425961398767,0.416833121265,0.263398284218,0.263502001626,0.854280718263,0.473296254406,0.741267728897,0.606215630192,0.589790776815
0.98232368865,0.636550850935,0.566674041218,0.894233285576,0.345057453814,0.322390654517,0.349671965006,0.546122205847,0.511147270029,0.568692707033,1.0,0.992363963247
0.537710395216,0.587846559438,0.48466095526,0.345089345334,0.227128570124,0.329925257132,0.392697114886,0.362468513917,0.516460035407,0.552326157446,0.61830919498,1.0
0.743929711449,1.0,0.690554945205,0.386039031524,0.413193203484,0.843986489227,0.465003337933,0.474432885777,0.509109605243,0.619693895383,0.552819821038,0.758421530222
0.553948954732,0.406196060657,0.427083432476,0.566765490145,0.323597737616,1.0,0.434989519007,0.292334636375,0.471971540796,0.560411780255,0.334211716049,0.271689063887
0.393921200089,0.206431962991,0.308570982978,0.617455705589,0.193503968712,0.46078752187,0.287870950716,0.242336604072,0.812203283481,1.0,0.74249506542,0.409885074012
0.285815831357,0.175210598571,0.410911194842,0.269568981238,0.11183018389,0.458525594903,0.340052523914,0.176103708349,0.252986596452,0.288577040763,1.0,0.906266843939
0.564285459536,0.275778690144,0.390002576338,0.470041392492,0.260451226812,0.36792293769,0.481511470108,0.510767477531,0.345939529841,0.520164011867,1.0,0.612430478302
0.99481511806,0.643276108301,0.399473122922,0.411220728973,0.30591310399,0.27847798226,0.342692383735,1.0,0.506950432554,0.732993829351,0.734773120922,0.524211413413
1.0,0.654821106705,0.493365654851,0.669819629413,0.184933099339,0.207241224526,0.229928595021,0.748681323731,0.428981579064,0.335014037374,0.738646516478,0.551305859887
0.474694520065,0.354263806746,0.279256889278,0.178490554746,0.13775056017,0.405772551935,0.392222991766,0.365141029811,0.317666507513,0.307396002949,1.0,0.700328223052
0.754205491737,0.309088949866,0.256674591752,0.320159384796,0.274967998046,0.528094343115,0.478235682323,0.421643162764,0.369270963983,0.42043895443,0.626721334817,1.0
0.352619120967,0.210312801197,0.138545595937,0.213376841595,0.165605031918,1.0,0.333558834594,0.236904341648,0.629495491349,0.556107671245,0.256856520122,0.140152244368
0.461803666254,0.378125977414,0.365061600409,0.587283207077,0.272895896818,0.829440370504,0.593117516004,0.409789643953,0.521439018873,1.0,0.574549200949,0.316061105032
0.198229075563,0.169677159826,0.281133941701,0.333568734717,0.086331059183,0.301858323326,0.216141061614,0.164455698528,0.200398176444,0.186706601709,1.0,0.893197920489
0.894423361559,0.472023056996,0.646486196405,0.805002864315,0.416493689586,0.656161101166,0.461251231448,0.527453160563,0.751071781874,0.474604883884,1.0,0.901244464943
1.0,0.69885044661,0.291555236858,0.255364103811,0.242993966868,0.155855142165,0.236372353842,0.490440263525,0.390695737497,0.390922076623,0.416829619007,0.45998695786
0.997170673143,0.561186789,0.635766208393,1.0,0.288857428649,0.291285215072,0.368216140932,0.605269476729,0.523322912674,0.529240598299,0.589418028806,0.717182626696
0.386772494603,0.366152673632,0.490933817874,0.380982928257,0.286014052287,0.56389580166,0.792115773534,0.628926104643,0.830092668132,0.968963614188,1.0,0.671208341607
1.0,0.848369205037,0.702328910837,0.621170856144,0.44064738896,0.724754486639,0.608011460568,0.676685027092,0.727060667895,0.838527917323,0.897585571738,0.690400024295
0.325103771714,0.272243495078,0.258849993869,0.414554811571,0.178960668474,1.0,0.499748560754,0.309980112208,0.482244816666,0.513857692418,0.294593718295,0.133760736709
0.279987977198,0.265370835782,0.311536923218,0.519932594212,0.289489488552,0.571876590412,0.608735412194,0.274185479727,0.548691332864,1.0,0.703193395859,0.320815982569
0.179453449232,0.128591317402,0.258487740039,0.312625182216,0.119308584675,0.382274320877,0.299965425945,0.148364817634,0.213518021127,0.276462806666,1.0,0.779112051838
0.707488781839,0.492670559393,0.544410239871,0.695949404527,0.471676757523,0.563811825832,0.497105024753,0.934462821889,0.665025826955,0.470983255095,1.0,0.678556753728
1.0,0.617378828789,0.314028081256,0.360500729857,0.369128144634,0.201736662506,0.21198256442,0.877030555314,0.850452531591,0.311408115299,0.459156829028,0.452748964413
1.0,0.686744964031,0.323810259379,0.502183559924,0.206593982115,0.200990538953,0.350784677248,0.666566048196,0.506125465662,0.346793517338,0.638251230784,0.59297314544
0.646984274356,0.536875060201,0.354964779616,0.340948922161,0.198166262842,0.690078104634,0.643893956879,0.650607880055,0.717788722255,0.689304827103,1.0,0.854056029655
0.76713648536,0.440739337584,0.494549416906,0.609371978385,0.295828687446,1.0,0.889256564924,0.627330735334,0.424248526424,0.652002571271,0.489734382566,0.662058613333
0.365360041137,0.269693353618,0.250763725843,0.260414841088,0.160336652652,1.0,0.552735090025,0.15914646114,0.15230104863,0.495971848757,0.291150237069,0.17608856008
0.336564373059,0.324867348118,0.373179827918,0.530250951401,0.148115782128,0.449395568283,0.305853439861,0.39749407598,0.629418126843,1.0,0.595141859982,0.391573129234
0.172854897246,0.146595825671,0.391529933271,0.511006126293,0.114637384129,0.228087504073,0.310181484022,0.226865425014,0.445642122164,0.435063835554,1.0,0.662748390672
0.554545974726,0.411359847296,0.559752129806,0.762954207485,0.28337972608,0.478110878226,0.376126420087,0.464375983945,0.366578829723,0.380114112065,1.0,0.701994544952
1.0,0.828129313948,0.420134677628,0.359281901739,0.255013199674,0.175113031041,0.146806509539,0.967935675174,0.621261002109,0.210405863697,0.490503247318,0.475621251912
1.0,0.75198199541,0.517284625851,0.745634785986,0.354509361273,0.215561936277,0.277698862867,0.850943470046,0.406547900242,0.360740472592,0.49811634098,0.566974825829
0.817386057516,0.422001309983,0.468489347556,0.311566972917,0.203811464184,0.398753016967,0.419526710146,0.761945593195,0.49575723778,0.437022327638,0.968377934683,1.0
1.0,0.596377347784,0.49782251858,0.430121414978,0.213468758199,0.503872300037,0.406997121953,0.42031951301,0.240517387339,0.461885757061,0.474435060886,0.937769603216
0.545471647484,0.523685798246,0.369363493115,0.37716337464,0.244383700661,1.0,0.491367322837,0.256307778027,0.378342297564,0.739150389423,0.430907459193,0.195890869056
0.399076601551,0.326467950554,0.265063328916,0.639448826059,0.271762975701,0.561461240666,0.6752133277,0.376851055996,0.542790881435,1.0,0.603873258385,0.29263941336
0.181721341686,0.179875656163,0.261768318563,0.206082616261,0.106772779845,0.284434180254,0.216249895139,0.238191161325,0.292081408798,0.294929928694,1.0,0.45654555969
0.574156222942,0.440905027804,0.519112925324,0.395543476178,0.387015153421,0.428732662766,0.39544640906,0.79835416755,0.598274911547,0.344979500733,1.0,0.851665304452
1.0,0.626420830859,0.203942936829,0.158981427074,0.301170395697,0.170243969162,0.0956744848272,0.605021754895,0.597226420504,0.118643016499,0.276263604041,0.340564312929
1.0,0.66192378727,0.35618177013,0.469299949344,0.282263002582,0.190545659121,0.193001791313,0.779049432504,0.561627843472,0.307784733351,0.521800044126,0.637902272884
0.444041248922,0.256600180943,0.246434159684,0.198570303445,0.153845741227,0.462399845588,0.358207929891,0.421416493615,0.322193361937,0.492592968848,1.0,0.858301752073
0.814731713926,0.583555206029,0.450858174965,0.745265499071,0.431664803864,0.489023496917,0.328409062121,0.411338415099,0.500320119235,0.689904659753,0.625628351733,1.0
0.455601684948,0.403731819872,0.287796314058,0.529425053275,0.236771630275,1.0,0.423631594193,0.264538034834,0.379143905539,0.69021795144,0.416122923781,0.223226534175
0.675145024307,0.791087688837,0.471755104228,0.750760294504,0.278498749787,0.782571961578,0.574464259339,0.516408454578,0.640340990315,1.0,0.777452096147,0.361549733721
0.18280898206,0.166420384604,0.220077090189,0.21698328577,0.108132708493,0.429877344713,0.165225417215,0.11248179443,0.170105385972,0.242158032825,1.0,0.61890584844
0.675518998987,0.413287381533,0.635896857264,0.645538620353,0.332310313619,0.442559522831,0.319728344311,0.588307196107,0.510515453526,0.401904829495,1.0,0.722777283091
1.0,0.67221559119,0.327322391529,0.315220941801,0.288081435564,0.26856345449,0.211080378225,0.720147019236,0.501391219191,0.326959729315,0.490782832245,0.432995404978
1.0,0.671216628638,0.333369020651,0.396473319927,0.219682044115,0.24833454127,0.379356955427,0.983955232521,0.636359509479,0.529854264547,0.847012111537,0.68490202241
0.282977298754,0.318082609822,0.297316407178,0.249355343314,0.17517937787,0.444424785097,0.37383313359,0.398188854084,0.392083208525,0.435282397509,1.0,0.767008231704
0.678247636952,0.474766765518,0.331190459948,0.36536565679,0.214940428768,0.652974813204,0.404150667145,0.294344134087,0.389273396045,0.518774452174,0.721688706845,1.0
0.854965567208,0.564237585345,0.267079584561,0.43406730345,0.358333169366,1.0,0.621069855609,0.285860773232,0.463234892643,0.874550130642,0.514483626137,0.245678573742
0.425006678187,0.305378402061,0.273243683914,0.536886632815,0.31238601546,0.627441091315,0.635361883949,0.459017853354,0.542385139117,1.0,0.712659734869,0.346960516076
0.170430870622,0.138265908154,0.205825180672,0.185144839789,0.0759408296696,0.375585376021,0.281475108265,0.106859241664,0.110655767585,0.22984448731,1.0,0.624768752421
0.432117567388,0.264960916513,0.314090721892,0.366428885324,0.207904661723,0.35778733876,0.316902838803,0.443851488205,0.278586164181,0.293641162603,1.0,0.798790226389
1.0,0.653693953052,0.308508158137,0.257471986332,0.346933801535,0.191764626914,0.216652503525,0.758375556816,0.771896390619,0.212282206611,0.449693303751,0.533891930792
0.885129409544,0.421344359808,0.347292174896,0.372078751556,0.202844792712,0.301272942533,0.286615467891,1.0,0.6213137896,0.248122766062,0.542448671299,0.566320887346
0.485195940349,0.466990101159,0.348955383648,0.307600074117,0.222281906502,0.422351774396,0.56620106723,0.827820337979,0.745663479502,0.465100385258,1.0,0.839419513876
0.893276328368,0.599332610679,0.421242610925,0.289579108705,0.221272831149,0.584513225856,0.577231364198,0.367451923836,0.326217488181,0.646352490904,0.619165539019,1.0
0.573721436896,0.465548754826,0.278653207617,0.267725706999,0.18584430691,1.0,0.610694100797,0.195353699712,0.133843499764,0.774881609291,0.408430736638,0.259963454673
0.667800261288,0.385739068495,0.377544928626,0.579599334942,0.269890470416,0.589295473489,0.655636276484,0.438308947912,0.518101471515,1.0,0.655404150693,0.408079250752
0.132015446223,0.131279525153,0.160237861862,0.248146289392,0.0982075382712,0.315558253478,0.288537496023,0.18554024986,0.166743946344,0.218390025702,1.0,0.675874217623
0.428988665808,0.427330441418,0.361713066644,0.441668845113,0.316058074884,0.42163658405,0.357298697794,0.651971881653,0.495711146568,0.48710279508,1.0,0.73475192854
1.0,0.62756596742,0.477840606114,0.434942951512,0.347022922847,0.31283954239,0.441796428248,0.819716172054,0.698622473555,0.575454265882,0.646354383151,0.560892066108
1.0,0.510362264599,0.421658492407,0.324332331307,0.265559972531,0.276205066985,0.319955315834,0.694999870156,0.493825648716,0.491413955133,0.54059866922,0.468702193776
0.81288424137,0.485497545552,0.426207274852,0.281633639087,0.208580819523,0.376080147063,0.34069702228,0.678104880036,0.573429248909,0.514241329103,0.859527886452,1.0
0.737571145894,0.516205658006,0.53613915138,0.495011154255,0.359286433244,0.525111042526,0.569434448404,0.474906601254,0.601425333283,1.0,0.79220945622,0.751623981322
0.562921054772,0.327911748824,0.205899108085,0.322538298518,0.200394891693,1.0,0.302507209377,0.139351345746,0.539784691017,0.791378916164,0.268267369461,0.16171824347
0.43921247241,0.227510412505,0.245216373587,0.298837045172,0.236297307373,0.528473387786,0.319835644159,0.220993296698,0.491823842053,1.0,0.640100258944,0.403243075072
0.229079560059,0.141877378599,0.220150931562,0.28259565161,0.104518170284,0.270339604366,0.24239957776,0.211736550674,0.280764075421,0.322563197641,1.0,0.943152636321
0.716690665993,0.435165704202,0.350060963737,0.346680447543,0.269048573871,0.359121442743,0.367382733102,0.564058107248,0.417512053359,0.582998489019,1.0,0.85927930352
1.0,0.505599173182,0.313014689826,0.311339563857,0.571697153886,0.302444943027,0.26240845962,0.70661905666,0.671507793779,0.515818191822,0.606706242509,0.877539717568
0.996870359,0.398221660775,0.370282371943,0.456102456267,0.335259336121,0.261067156531,0.344781214813,0.656840017378,0.431205082536,0.441630426524,0.793783337092,1.0
0.496579217454,0.416279151044,0.447840206213,0.343063027866,0.269401273671,0.539277266256,0.513172082902,0.511549179868,0.554293444706,0.700362454752,1.0,0.873809086131
0.96247876432,0.729278563084,0.347960036961,0.369534845553,0.332407784067,0.762308866012,0.698385175034,0.344348980825,0.51347707284,0.665076998959,0.754959228179,1.0
0.600315731307,0.207717167534,0.135011277268,0.192699942556,0.162920061495,1.0,0.321703917655,0.166857062868,0.477753093829,0.649778192364,0.231859441443,0.170185141477
0.356731305383,0.328939433255,0.279084044088,0.193013708673,0.282416945281,0.421014408261,0.250275121873,0.247842463812,0.367179450606,1.0,0.65620476021,0.356017898984
0.182516566012,0.199978212168,0.313708973749,0.374168371969,0.153372958425,0.394448408504,0.339723147402,0.2659855382,0.275412130655,0.32902766944,1.0,0.820398539194
0.628872322388,0.500423177572,0.620613033469,0.582479064203,0.340136388986,0.42700097634,0.455195516165,0.805493290349,0.608678422073,0.50349798035,1.0,0.793684033068
1.0,0.527162867726,0.378026095761,0.25897006803,0.276182126647,0.188643382391,0.225829139154,0.690298618238,0.646364255713,0.278284883535,0.36273954005,0.380410942182
1.0,0.413134833041,0.352022635922,0.433651083079,0.342565416889,0.184440157243,0.275191804255,0.761240485052,0.567912559088,0.479436974971,0.476177699522,0.557650158277
0.599420076039,0.430709633912,0.351658007872,0.311436612708,0.279622749596,0.358398989774,0.435899793819,0.497965135984,0.82151906843,0.785686809234,0.932890410734,1.0
1.0,0.722775151223,0.390797155429,0.527027456687,0.568581774127,0.774175849933,0.564148964516,0.394055028131,0.473993689356,0.521570130289,0.544608469792,0.655511231114
0.457151473044,0.288172563264,0.238573904445,0.315556454358,0.289914425743,1.0,0.800819744581,0.277697518444,0.302981712392,0.767565992035,0.387066422238,0.229169260088
0.501543388555,0.392116760734,0.46075987506,0.901241826141,0.905374022275,0.904480367773,0.845614586761,0.583778180748,0.709123892457,0.986376783937,1.0,0.517966993843
0.189499004852,0.199188260235,0.305295173439,0.309695855063,0.104255128926,0.372185090486,0.31789123193,0.233238501828,0.246911332582,0.355734561279,1.0,0.625836236131
0.669286190486,0.499667794584,0.542669997765,0.516135887677,0.322154892201,0.501298695162,0.644993531196,0.782389152925,0.438491277804,0.531801006795,0.81556658883,1.0
1.0,0.717069137089,0.271030344584,0.264200135106,0.493305992515,0.22896287064,0.349392194181,0.791446684127,0.839794703951,0.368547690731,0.345366454668,0.353218188368
1.0,0.459534595803,0.240509931277,0.371924729993,0.390642296027,0.396729517524,0.41642470373,0.655123053438,0.709807390182,0.429499801217,0.547322522026,0.616966641305
0.546322041012,0.374785489396,0.214370432837,0.390021843334,0.249241228002,0.32913338364,0.314286713398,0.630364856722,0.790979890842,0.715192112489,0.918196145094,1.0
1.0,0.627180989116,0.40066817335,0.503169075999,0.2677288683,0.386017396869,0.389564602887,0.627649562627,0.442384965477,0.376688842389,0.562222439709,0.911946859366
0.801421645053,0.348280918426,0.359401156636,0.359556452486,0.235724451754,1.0,0.406524856483,0.227859405998,0.482103160434,0.940835746439,0.436326053506,0.317347152806
0.635253205064,0.492001840209,0.327210273657,0.471220639729,0.212825801827,0.488485176201,0.567177748981,0.436583837499,0.55511790807,1.0,0.691463083156,0.497275470075
0.176731240117,0.14177747028,0.295822978748,0.315735731996,0.119329661445,0.292155772103,0.368580241973,0.227205364377,0.231221076745,0.239257646134,0.763271277783,1.0
0.773557168057,0.463585573178,0.549907980152,0.480388725966,0.393359755381,0.447702344923,0.548235910735,1.0,0.608413910425,0.506117034613,0.948301410383,0.903365010139
1.0,0.713274980582,0.375960110516,0.190249323539,0.37877361192,0.193758253442,0.224347444426,0.992761254719,0.506364057245,0.218218999951,0.311372000382,0.413974775729
0.849768500559,0.328061042094,0.461102764559,0.530886973424,0.268426807886,0.387474713322,0.406544848825,0.717678023121,0.500362140588,0.397538949913,0.846387886558,1.0
0.597689216993,0.327063075263,0.363103042438,0.280534509552,0.246036017226,0.30566192609,0.407312750278,0.715946381105,0.550334401001,0.406350900521,0.74464047508,1.0
1.0,0.407185517651,0.517336986994,0.461482975846,0.523193190338,0.597951702415,0.500998903902,0.661657532515,0.527421525083,0.433576282721,0.448009864884,0.880776049648
1.0,0.626502151861,0.240707613091,0.177749639505,0.326446837405,0.443948715183,0.342213700719,0.789145672475,0.687638084718,0.307660355608,0.252045327575,0.363131873458
1.0,0.652773300658,0.172663104463,0.148143705815,0.226963368288,0.21623133157,0.22252353145,0.727104702578,0.67112470741,0.245993343933,0.303583541226,0.268585809067
1.0,0.617546265823,0.181784956915,0.136712687643,0.178677087221,0.182336113966,0.225821705657,0.585520304047,0.470003673277,0.234758320515,0.275375797462,0.25816204653
1.0,0.603577557644,0.361123916712,0.265071530878,0.310533748251,0.322054546875,0.368998947138,0.876876467406,0.921962759846,0.402536287086,0.450348476294,0.446161473222
1.0,0.59680628947,0.280047920822,0.187277114337,0.417419621493,0.295112581638,0.240699246324,0.445554363196,0.457583853418,0.246711345787,0.239002439554,0.357872513377
1.0,0.721044784126,0.271545369193,0.154083747633,0.400287336032,0.304671218066,0.276853523073,0.502490365143,0.52140835313,0.24192449082,0.182326518513,0.363286981128
1.0,0.547755167643,0.23911312261,0.147620563689,0.305484641529,0.220960969058,0.223795200136,0.418362069503,0.417821957135,0.210637876415,0.213081954979,0.439724419673
1.0,0.672964025976,0.326754015001,0.251531909211,0.576999357918,0.358714072778,0.549359549206,0.895770655072,0.921708949677,0.492657450405,0.386704249995,0.640076289964
1.0,0.538062536828,0.227183360545,0.157459434177,0.351254214641,0.220737932972,0.189876901357,0.650290965382,0.695275959808,0.226057412994,0.199780221564,0.28948799343
1.0,0.542609152774,0.210505780823,0.13636042621,0.332379725257,0.226266989237,0.270422765216,0.781476682821,0.808645925402,0.262877622588,0.245151223834,0.504259758095
1.0,0.525731444523,0.19534549184,0.105789702582,0.245017568156,0.179563517459,0.266915281631,0.524977151923,0.463071544186,0.198984831108,0.192595270526,0.426484073912
1.0,0.410766001851,0.208600697437,0.128495774103,0.189995530454,0.188455662575,0.281853385642,0.740450165932,0.635636835748,0.250865139687,0.233704894067,0.505315949233
1.0,0.47440048551,0.257487194063,0.187932305639,0.214497238531,0.233550855418,0.341005546293,0.654444816424,0.61197344222,0.310427471287,0.448935786834,0.605748849086
1.0,0.491728251541,0.236905179812,0.191733137293,0.234134901653,0.222393938008,0.259276634211,0.36390323466,0.52904985297,0.395044967218,0.487089934436,0.570810359624
0.677900294209,0.469498707866,0.313643749043,0.281030546921,0.792515625741,0.765222365768,0.557478171925,1.0,0.966147599105,0.508363649515,0.62682484237,0.508357551673
0.332130462811,0.396078958822,0.271343083841,0.192435379098,0.203204700409,0.229500375491,0.406350888874,1.0,0.664139408001,0.276526652492,0.567152755844,0.495067402236
0.455729300847,1.0,0.490116629446,0.350638264444,0.314599164355,0.321477235967,0.458709290765,0.472831191843,0.559257387345,0.450239401909,0.439147159112,0.492989317633
0.392821287456,0.405855387129,0.366713848879,0.334940515283,0.302102792382,0.264167188773,0.32537974197,0.521900849306,0.894503847565,0.494452681805,0.824815162473,1.0
0.224319024544,0.169512746208,0.195241999491,0.206663867714,0.231342382848,0.211732345429,0.238112408684,0.78909236787,1.0,0.271414371529,0.254911961295,0.208260412
0.50268603663,0.394647583756,0.587061127746,0.460288109441,0.757359040661,0.7229596317,0.673943571345,0.766511615248,1.0,0.727638024835,0.683020567658,0.566757424509
0.787112071498,0.90684813985,0.663000281771,0.524010052333,0.420605410032,0.509832638971,0.505115430744,0.49557635471,0.545313566529,0.65849024412,1.0,0.930205089747
0.434401867853,0.580068523341,0.591008526467,0.502324577961,0.323706189972,0.321728351846,0.32510935235,0.315126268763,0.279120798705,0.355514602587,0.664176850494,1.0
0.379249479349,1.0,0.701683189197,0.428209014295,0.297341594598,0.2782629677,0.422384362862,0.411667507938,0.375415835682,0.43873933551,0.42538425256,0.323319114013
0.747653337288,1.0,0.617273004686,0.44360917195,0.444718742236,0.756488819603,0.990160627226,0.722178406296,0.49427010895,0.548255912671,0.467966127849,0.515757558654
0.605175263733,0.531688220068,0.356222570232,0.46497027,0.346899655094,1.0,0.844731485291,0.373665598186,0.40771710184,0.766532196799,0.501190609493,0.421571490107
0.502479023954,0.422337695955,0.445235832806,0.723445574698,0.317331322176,0.634982871128,0.701604747939,0.371128642983,0.418002136523,0.903696770265,1.0,0.630331570727
0.34667569985,0.325834802471,0.444351073082,0.298839865578,0.207210548352,0.494234901646,0.490717448098,0.275878680538,0.274484128022,0.383459378724,0.590020594229,1.0
0.787697834041,0.57273256556,0.756275272835,0.656984464995,0.455098641554,0.678165883049,0.668028819954,0.888641492317,0.650870781961,0.689704970498,1.0,0.695649627287
1.0,0.617046459458,0.251371368,0.283576797486,0.333000521718,0.345744404976,0.199715647807,0.777784578623,0.562349202537,0.260018212604,0.347218844993,0.409568830473
1.0,0.683979946234,0.437252159157,0.622495031221,0.228305311067,0.323438670233,0.225646270554,0.752121295888,0.406110090042,0.315737545575,0.483264234484,0.585740469103
0.384263671589,0.239144576436,0.273204925984,0.336802986055,0.21255697441,0.304239681188,0.306475140585,0.410415634438,0.294224553013,0.290930691089,0.78539643373,1.0
1.0,0.78211096753,0.573242132802,0.592700026522,0.403267917502,0.685672377685,0.495525789615,0.506382562012,0.563057186919,0.492330451269,0.679341068562,0.884823250651
0.454223638207,0.358921392022,0.256385868148,0.291384135917,0.166120554738,1.0,0.653747215148,0.198795608813,0.230325559247,0.502350903113,0.262777858023,0.22004156369
0.395172562897,0.447370619948,0.213576351491,0.191062483567,0.280167676872,0.538132261859,0.484223543828,0.316981153446,0.405920028817,1.0,0.762100431244,0.361433044238
0.318738302059,0.287185549141,0.332913568347,0.402536433961,0.184871326918,0.503729348722,0.37258862951,0.257254945335,0.273232426114,0.285588277266,0.972368566247,1.0
0.930510649407,0.73126982333,0.511478018513,0.699202991354,0.447618536524,0.595585588714,0.500718486981,0.881610218646,0.708473160357,0.574424412218,0.958781824508,1.0
1.0,0.774630490254,0.36277463681,0.373011078126,0.259991957059,0.242732137058,0.188798610988,0.577229606706,0.431233303258,0.363529326372,0.413534529643,0.470696988728
1.0,0.727784978278,0.483596243172,0.563604194868,0.297048831689,0.302649297454,0.388115129883,0.684067771488,0.491107384907,0.49083309773,0.537331572939,0.743674485577
0.642731900064,0.462861173467,0.412195060836,0.282917858769,0.211076627722,0.701256658385,0.690751343538,0.52421847571,0.42470272091,0.497106052627,0.901229641496,1.0
1.0,0.718948404432,0.681014318729,0.461356110146,0.280881335039,0.604749753221,0.423879858706,0.455861261015,0.45596935726,0.596623331544,0.570607321509,0.809515796573
0.588229474179,0.513207311449,0.373517818386,0.380207877202,0.219079008761,1.0,0.544121966737,0.290880185895,0.443125109659,0.612321053652,0.373683637847,0.235178954311
0.382680840606,0.355070002403,0.403602683548,0.722459991746,0.346532805084,0.84254691401,0.515015504193,0.269115959574,0.394234412974,1.0,0.676076844038,0.337201647024
0.305170750153,0.31761297695,0.386199527758,0.433392223939,0.136526138591,0.361187620336,0.4359934,0.28671467539,0.38971677465,0.394521688951,1.0,0.922455562723
0.723941189158,0.554562169653,0.537138207617,0.539368043418,0.291117584828,0.467483812979,0.489532600492,0.567602405824,0.577701656568,0.606595830263,1.0,0.869494243541
1.0,0.784353641138,0.642989109148,0.478844351054,0.39973625342,0.296688628992,0.32699037514,0.626785280265,0.706471400723,0.407255510495,0.356299041713,0.436108944542
1.0,0.830644107951,0.47056466985,0.445374190637,0.293493283504,0.579195531732,0.429259281917,0.533645517969,0.696570328437,0.382301393865,0.340154412205,0.485732634565
0.676126569588,0.318954716885,0.240575254448,0.280098100848,0.160011313057,0.321892852452,0.499168607626,0.546726576957,0.869618375118,0.337309235598,0.85176570778,1.0
0.799899954593,0.525126535027,0.508201638291,0.375598036121,0.249746745737,0.359478657911,0.459608755729,0.568206010758,0.501930721068,0.827130193986,0.451569781915,1.0
0.412261001053,0.295898510809,0.255563944262,0.241772779365,0.214516656534,1.0,0.609083844472,0.214483333921,0.178659808436,0.749022304505,0.373335561921,0.213057686039
0.602935060615,0.446138009468,0.311027148154,0.407711951814,0.280417992436,0.627505692108,0.506984279064,0.481727472072,0.564689881519,1.0,0.775014889557,0.563813212206
0.212788792549,0.149344799198,0.224656723411,0.291771134212,0.124612219129,0.289106892476,0.429873176888,0.221361821223,0.222799824557,0.233456666852,0.946442595856,1.0
0.790950094395,0.365811470624,0.419227631232,0.833129336173,0.314256793348,0.399661916545,0.725513755081,0.896783753847,0.620093691146,0.610926570925,1.0,0.868492249037
1.0,0.642960892562,0.244635720577,0.231006430425,0.305787838863,0.174630216646,0.238022441078,0.635700810229,0.604968049146,0.728477267011,0.309652845498,0.363739498061
1.0,0.669526353175,0.621029871815,0.346896211788,0.230684667645,0.252361991613,0.347939987661,0.797692487089,0.441822830496,0.31626218055,0.639555021145,0.704223793256
0.465656750012,0.432306549813,0.565352107983,0.446396887978,0.197193018292,0.309935045826,0.415925012252,0.513704850041,0.641669751673,0.552605516991,1.0,0.933254342487
0.563186833597,0.380440212758,0.508968437047,0.38168161861,0.35781415467,0.502773463157,0.360941420223,0.431643655863,0.665261096832,0.525030677149,0.786543058809,1.0
0.388058138531,0.221794921239,0.215214982153,0.262652132964,0.186266251843,1.0,0.295001917145,0.207478199445,0.666857211725,0.452608849519,0.226689347308,0.198163712462
0.479340593738,0.291289008,0.306773126945,0.334719202853,0.358795099012,0.63044839499,0.398382400069,0.438872532161,0.582730433447,1.0,0.753295917084,0.428852039627
0.166293940812,0.116279784103,0.210998386164,0.234390731528,0.157537418272,0.263767913444,0.237151320217,0.186846557809,0.185936494681,0.236397770505,1.0,0.844647324428
0.665028306847,0.420771530967,0.584744010058,0.817956409712,0.378251397739,0.541800513621,0.855501919744,0.65059801573,0.556044263573,0.756650867939,1.0,0.830916972023
1.0,0.387320336502,0.254269924771,0.209323916879,0.359893798801,0.279750332123,0.194733130616,0.412185147779,0.622279322212,0.426088066775,0.583838113456,0.801044119677
0.814569344822,0.289274822625,0.190574574906,0.263603355351,0.189837332238,0.227588028464,0.323792610831,0.342332929151,0.375243517291,0.352126247221,0.600545172179,1.0
0.2476043773,0.178549155075,0.35963575113,0.298331223894,0.195351915124,0.382194525267,0.396989026334,0.442328850748,0.521959784243,0.544478497888,1.0,0.678600202406
0.749985905285,0.659992604174,0.393418614529,0.203835101765,0.415347798502,0.596548872172,0.493044784151,0.558263000596,0.492974088876,0.633876861893,0.685843766331,1.0
0.646242653684,0.263322305064,0.190456889465,0.269750451442,0.284477078614,1.0,0.367233090721,0.234303703631,0.401125703245,0.575848007002,0.244917110029,0.178538020167
0.605161257623,0.394450297048,0.295292781215,0.288093748179,0.364073596602,0.444639080078,0.490835949939,0.452226447555,0.64725131407,1.0,0.659937541186,0.451757643317
0.26784309608,0.190178285915,0.363718455799,0.358646732079,0.194784601726,0.328867474079,0.271929675826,0.340351475052,0.27313843244,0.25793009802,0.941283673261,1.0
0.660701442157,0.382629376643,0.535457196255,0.459568240007,0.229315512985,0.590083812263,0.415301213226,0.52392952705,0.459003327742,0.431833354628,1.0,0.814786119845
1.0,0.381472255045,0.241689629155,0.300475557777,0.302321332465,0.326773015457,0.467538072916,0.818816791821,0.816798779472,0.483816841514,0.318530489509,0.48277884084
0.986096424253,0.327419102291,0.387558822602,0.546918970989,0.340013984337,0.253207815075,0.377377107092,0.543860886104,1.0,0.650535412817,0.354767635926,0.690764053506
0.369108239735,0.221542041088,0.257762959084,0.213844768583,0.129862865026,0.28075679314,0.308767345732,0.427056326634,1.0,0.295036053399,0.468818820444,0.449352727157
1.0,0.574152062838,0.47536926797,0.502521133928,0.525524192208,0.740341408828,0.703856003032,0.78139804124,0.847610317686,0.65032053666,0.355139733466,0.81875222443
0.468042046381,0.3113613936,0.192459218763,0.304571693178,0.322266473551,1.0,0.889063291804,0.292951714857,0.315116896554,0.839332535291,0.41208024501,0.200931194112
0.476329585888,0.365548203492,0.444671789539,0.819641402187,0.846373480487,0.838153559865,0.83388540073,0.543458958315,0.610669359089,1.0,0.933757454993,0.472942425973
0.248833623975,0.193225460449,0.276934908166,0.277313905826,0.103106175733,0.396327466788,0.308531714398,0.202921440031,0.278220497699,0.331690771692,1.0,0.66072938882
0.796276254159,0.466618277197,0.430175405361,0.582482781824,0.422375027132,0.563093122069,0.570702789613,0.600113398919,0.508293221588,0.558024271493,0.757987411958,1.0
1.0,0.479349003228,0.210786512377,0.300823686518,0.383861514289,0.41318516101,0.298195088312,0.785033215056,0.951272638381,0.272884096835,0.205629411632,0.312718693083
1.0,0.395,0.238,0.352,0.216,0.272,0.432,0.578,0.747,0.399,0.309,0.462
0.602353015284,0.363098632527,0.216755135985,0.313224533819,0.222696211606,0.243035732069,0.314414113564,0.496621459267,0.715380196777,1.0,0.682881520051,0.580888913572
1.0,0.402127035044,0.319008433052,0.462380217196,0.410289959369,0.467894470626,0.499804914786,0.496477662178,0.401582842875,0.58474568817,0.523251857224,0.804342082512
0.791876320397,0.333831635948,0.218441825844,0.311113601236,0.310182772329,1.0,0.422080543538,0.222633403669,0.555133691754,0.749458405027,0.458067228007,0.207260507855
0.724019982664,0.573440905366,0.306430813153,0.325726358813,0.297381270133,0.603636646821,0.499836484153,0.364973651868,0.562236580033,1.0,0.838003878386,0.461062166554
0.167258829568,0.123688528544,0.195961014517,0.214415036994,0.105035587876,0.293726551594,0.261387873532,0.14961126242,0.245563006832,0.278728493541,1.0,0.571124148147
0.646545377048,0.418957167701,0.389937858568,0.478561551009,0.326486338308,0.444962791045,0.598183523677,0.45682775209,0.600328758629,0.609011798564,1.0,0.863282670189
1.0,0.39692011589,0.200210997923,0.325339855788,0.312313488954,0.291045213841,0.293978897045,0.639763371413,0.678075356401,0.45615749646,0.359531270535,0.470599091296
1.0,0.608373452604,0.374826793431,0.439805547366,0.253796252631,0.238941990322,0.296493271179,0.585549800874,0.468497297946,0.307193203324,0.332700476779,0.520969403431
1.0,0.564614282536,0.466189477411,0.352443128191,0.204170185053,0.254944813418,0.390645879004,0.609481640522,0.438967992352,0.303164393746,0.460726903579,0.89342190915
1.0,0.618471118915,0.539253927665,0.4719992551,0.275882017535,0.324035951888,0.642680738531,0.842557280924,0.490206721211,0.543651518461,0.653968636394,0.830173318871
0.695083776997,0.363199802697,0.16315677534,0.205333218049,0.279951698904,0.289096017802,0.498575655695,1.0,0.803090393571,0.366339738291,0.391617817547,0.462253022721
0.778593513449,0.508485258329,0.165068805109,0.181889491955,0.37996752918,0.246755210383,0.266992999781,1.0,0.937310867324,0.414400713521,0.431577694364,0.264223051617
1.0,0.660632671128,0.294022140287,0.228158924719,0.393472532341,0.309246112247,0.361063796019,0.881111049577,0.983234521779,0.419815741514,0.347766300096,0.408468803783
1.0,0.572321317228,0.334007183007,0.255460838365,0.335274356771,0.305075340913,0.288246590269,0.761145699059,0.844668531343,0.444422356705,0.2933477046,0.414317134976
1.0,0.67996597921,0.27303795043,0.176152602367,0.443280054,0.403748888529,0.298901170274,0.818593287597,0.85507308765,0.344239126481,0.310796899653,0.500425615483
1.0,0.509656300012,0.220496973871,0.157854369026,0.351144933291,0.30310024269,0.255163253747,0.47600465284,0.602387978948,0.291488723224,0.279267078038,0.489736688316
1.0,0.46837305186,0.188507836807,0.110365372185,0.255068276893,0.182393664604,0.132737713412,0.542846120373,0.432512217288,0.197908257533,0.194388992938,0.483193092533
1.0,0.408890258128,0.261976995797,0.177927907817,0.2455019121,0.202345092947,0.228800488379,0.469568752849,0.549001395872,0.282962734786,0.204195062995,0.483348652102
1.0,0.59946608737,0.456538284597,0.223142668223,0.34281542412,0.321818538125,0.340981330852,0.513736793343,0.635385662104,0.316405057085,0.259954984273,0.487871212712
1.0,0.410797351596,0.206419518136,0.13861907442,0.274798765038,0.231272345553,0.312546440665,0.622498612854,0.535974931088,0.328221112326,0.252745560179,0.459665035998
1.0,0.419609391397,0.199099618699,0.13933489665,0.351403223516,0.23456243737,0.231317480164,0.542418790152,0.476902273856,0.359447785215,0.224417046009,0.493119134922
1.0,0.419565050848,0.211737427627,0.143411455225,0.264175618539,0.19557562103,0.209769947494,0.472443583474,0.508344704348,0.291466914352,0.241396769336,0.471085122039
1.0,0.485658143089,0.386653923649,0.278287826306,0.375463587203,0.372927709186,0.429077788406,0.761226537325,0.834730968682,0.530361023586,0.575219754932,0.799330594337
1.0,0.489197943233,0.309050156633,0.223545590181,0.300559231348,0.34678144064,0.330827514137,0.860605312922,0.874328438734,0.328824080808,0.649328105755,0.821888311812
1.0,0.390947252031,0.236503162486,0.17198042945,0.230849966244,0.2420961117,0.331591455421,0.643251856845,0.628959621703,0.28646489514,0.521407971161,0.590750809614
1.0,0.333957583582,0.235944944331,0.211424807202,0.261501713792,0.209290488441,0.369603898884,0.534453513288,0.632197515018,0.286916238245,0.554191730933,0.509690017141
1.0,0.605070418554,0.497433831069,0.287738532908,0.285696090025,0.331626841678,0.39842213838,0.611266728131,0.807175789261,0.529499780448,0.61609640677,0.573174462558
0.626617036768,0.627501990539,0.818058006248,0.614448419832,0.797443892245,0.752752679091,0.665415117506,0.834099552417,0.934605993454,0.87762001035,1.0,0.75702864377
0.201946893535,0.205160866438,0.268666739098,0.246139514535,0.291293317597,0.306380538179,0.350204486102,0.790054141593,1.0,0.398013555313,0.465995490344,0.319211549143
0.532431762718,0.45724621151,0.514503549279,0.345024657257,0.364827934333,0.299297201254,0.43918589795,0.647719920283,0.917875865358,0.768000171247,1.0,0.981622904973
1.0,0.60444750882,0.526151810246,0.436520117729,0.341373558265,0.317964884156,0.29276900543,0.436019544071,0.444109996723,0.512964204834,0.501785373123,0.698000931133
0.566,1.0,0.661,0.479,0.467,0.329,0.351,0.54,0.625,0.482,0.544,0.491
0.566,1.0,0.661,0.479,0.467,0.329,0.351,0.54,0.625,0.482,0.544,0.491
0.566,1.0,0.661,0.479,0.467,0.329,0.351,0.54,0.625,0.482,0.544,0.491
0.468424957083,0.568150637167,0.326910299948,0.311791243227,0.333738220459,1.0,0.470182193334,0.266830191303,0.390850558664,0.815922441656,0.455600627985,0.358268493272
0.623274425061,0.613890708247,0.486755872796,0.73071094081,0.543117915005,0.877332366553,0.706975688317,0.594371468916,0.663382612554,1.0,0.873973826322,0.524321351402
0.37839123243,0.331882303497,0.274985929757,0.3152762433,0.245566556842,0.421919099478,0.395084954833,0.304420453165,0.36936958694,0.386521372052,1.0,0.664852002511
0.873643749544,0.77035907699,0.660581565771,1.0,0.503205706848,0.757994658172,0.77940657297,0.683080445094,0.577655304004,0.751755768842,0.855218058849,0.959960401558
1.0,0.751527005311,0.441059536149,0.294771638876,0.354544307261,0.390312363221,0.328841958376,0.556459126189,0.347614335263,0.370143009593,0.439974113288,0.503799906991
1.0,0.868100752647,0.479147049873,0.817816560721,0.337213276626,0.319949598573,0.419152998376,0.656474691765,0.464392053398,0.370586318104,0.331870562911,0.458027828052
0.495104548898,0.357469784197,0.45850901199,0.356823431446,0.220600566593,0.358070050093,0.404907862462,0.401071683229,0.45898346152,0.381331713824,0.675782384622,1.0
0.625158841171,0.337882422487,0.342907891382,0.358744854382,0.2474221307,0.394124189734,0.392384498546,0.318415891396,0.535901736826,0.377262258603,0.572634538165,1.0
1.0,0.524954068226,0.40331417718,0.348936148294,0.358563467831,0.777049272208,0.346575467431,0.238711105337,0.384990250939,0.922734915641,0.375194505247,0.429389351246
0.41579420964,0.527650591372,0.414212423896,0.660797974432,0.278630628414,1.0,0.494240120166,0.363158878929,0.441345441947,0.84544487799,0.498762118358,0.278052773808
0.297029803723,0.311844587563,0.205420814593,0.245124591577,0.124283362251,0.368463579426,0.274659347199,0.167521558756,0.245328645427,0.328860329331,1.0,0.729851863174
0.400101709024,0.27180445536,0.255205302423,0.328786958158,0.199028402651,0.337230302142,0.382695107914,0.455342317551,0.266548938381,0.441983078333,1.0,0.678506370148
1.0,0.517721713675,0.291865299745,0.202376011799,0.191966133542,0.227448950733,0.187645099559,0.549369833199,0.315566525916,0.366747041797,0.400965727751,0.449124059172
1.0,0.36599289638,0.460869673044,0.69257438631,0.326041098333,0.298840404792,0.382361572041,0.78223831244,0.511591034438,0.525420100969,0.36691427775,0.703784178527
0.604737626548,0.362938460027,0.682613148252,0.38982587075,0.25601272554,0.366776313577,0.357872746269,0.504391929293,0.527849246748,0.407554409899,1.0,0.921977766364
0.610686964995,0.32852722853,0.36880695692,0.6676107697,0.229631538516,0.361556805715,0.351668430513,0.395358870676,0.498003268966,0.430354915863,0.354939651214,1.0
0.975013748324,0.435019250094,0.367391390929,0.353592501376,0.382906012421,0.975611454894,0.345227056668,0.283021876513,0.332060979958,1.0,0.395899577998,0.416922344421
0.608042477418,0.524875455972,0.468840593771,0.686924141125,0.389170551187,0.911691841782,0.71853360443,0.570979963995,0.619611092885,1.0,0.592261893522,0.32370101005
0.293837831039,0.381837685262,0.460091687436,0.338207275501,0.179635296996,0.448638951282,0.452211181509,0.330997092225,0.235296108929,0.42166385475,0.863768815584,1.0
0.514933827433,0.444224935998,0.552705909608,0.917257266758,0.394129436249,0.437065171999,0.708398140641,0.584265214737,0.478531789271,0.692998436173,1.0,0.925866343937
1.0,0.643994990605,0.365383797179,0.378432599362,0.36559158701,0.227243523793,0.22331414673,0.502229395037,0.362264444134,0.228816182158,0.262308575275,0.398057625181
1.0,0.772429088832,0.364483856333,0.478240508862,0.4216768845,0.317610808784,0.353790390065,0.871079137844,0.460893727486,0.502312813101,0.384073581664,0.523329498526
0.459507327334,0.422604901891,0.290573846038,0.548377089862,0.218390153002,0.3465711619,0.486233866721,0.577824092119,0.454982077327,0.45447795622,0.649881766079,1.0
0.723993909031,0.50452824637,0.448710787852,0.521536327592,0.382397588874,0.672139170071,0.613999721123,0.74278485441,0.609147409919,0.668398446162,0.88642489059,1.0
0.655755781373,0.594075571164,0.323638570379,0.282683812157,0.3202966643,1.0,0.683814926339,0.369780995006,0.312469418313,0.678184064457,0.457116201791,0.302458107869
0.735750645162,0.689345783377,0.679127535821,0.795309341337,0.322113425162,1.0,0.617028085246,0.657940435829,0.699319001122,0.940965632313,0.575612716776,0.358966509231
0.321182318969,0.277365406498,0.324268067716,0.302963377651,0.125212254826,0.384527424002,0.359748913116,0.271300042876,0.238198957107,0.335300941621,0.801466190436,1.0
0.595384535957,0.491063904816,0.649020252809,0.714848033761,0.309885603845,0.468790427884,0.634269524198,0.651389025877,0.626920935666,0.807116393497,1.0,0.929651585559
1.0,0.364851696882,0.330739515881,0.388966315903,0.429947406263,0.3328130902,0.391696716185,0.955538672269,0.6638229999,0.420936673546,0.45696980826,0.54967017019
1.0,0.538505139397,0.484070892944,0.86547586231,0.326635859038,0.273967580266,0.356626266327,0.753547708206,0.482252410534,0.656318790171,0.342599913038,0.408303641842
0.8336191594,0.610544284965,0.674667059418,0.663401766061,0.556065665069,0.820120181091,0.978425164,0.880014898074,0.481208797155,0.498673077548,1.0,0.980718151758
0.982465418424,0.822118138263,0.450213148499,0.555826819861,0.602483341844,0.895878939841,0.933545639903,0.45406204322,0.682468287219,0.727077321936,0.743815187285,1.0
0.507482265357,0.406064378506,0.305966623716,0.279044961889,0.40209728113,1.0,0.941997057922,0.247285249054,0.311348065728,0.562957587256,0.320577066341,0.229646248574
0.370821605179,0.372742181748,0.540944003358,0.863823403632,0.315557678351,0.888990837845,0.981405817962,0.358414244058,0.428877610318,1.0,0.557458081088,0.249402253655
0.27833425266,0.279917156964,0.412866991315,0.316610446745,0.17937924013,0.514320122259,0.369990454083,0.15442333107,0.245408934508,0.34758597147,0.961078004412,1.0
0.643345735448,0.49270658352,0.830884436286,0.915571501829,0.42689983097,0.558058980219,0.556727892769,0.640946706932,0.764893660808,0.596554632076,1.0,0.873063935985
1.0,0.425809631494,0.288679075972,0.251697714166,0.262920333435,0.206380046513,0.23313032729,0.425279184249,0.373337186942,0.177905660328,0.26084875306,0.622986456232
1.0,0.367055034639,0.495878649065,0.774049667411,0.299360914035,0.241874474432,0.306609331318,0.551482135847,0.33608451504,0.433498694532,0.294619645074,0.674683089421
0.599704818765,0.501844980258,0.350115376192,0.423408711297,0.359024170127,1.0,0.524156034602,0.502627335402,0.409334051755,0.63154570669,0.554695217163,0.65493166304
0.792504773178,0.633854492341,0.399290597999,0.507395955423,0.361265541044,0.550822514724,0.582250865083,0.549370898468,0.468258203063,1.0,0.783174442263,0.684130831697
0.341852946192,0.235026763713,0.195933353546,0.214109043391,0.241105112105,1.0,0.895283950218,0.258020926142,0.152808091152,0.612161761936,0.418007350948,0.20095877619
0.323349499929,0.407363391953,0.517475794367,0.81733220458,0.324696511493,0.568222258694,1.0,0.318453045096,0.438599764829,0.785139564993,0.418915116363,0.244470568985
0.295513394709,0.276081579571,0.294843798706,0.3747377934,0.19129867316,0.308292923559,0.368901325472,0.194876117178,0.240787230945,0.321510846626,0.715934916724,1.0
0.773991890747,0.581383361097,0.610123079696,1.0,0.355484077939,0.426180771638,0.499045582374,0.743746734424,0.611381259894,0.771786723289,0.981093521858,0.828616300944
1.0,0.574484034987,0.61164093936,0.584504686585,0.36518963114,0.297770118668,0.301279524042,0.439714217663,0.353057581209,0.283057565977,0.274994664907,0.67458329744
0.976232878638,1.0,0.883548595217,0.911109775829,0.528373978503,0.269204581074,0.346368154555,0.472556944204,0.318235786474,0.366798039982,0.243200093316,0.541016248804
0.712830910954,1.0,0.539760564989,0.405286441489,0.384699273599,0.221665029228,0.256085202694,0.272869656573,0.192854841203,0.25105386853,0.197658946788,0.387922464413
1.0,0.926991646304,0.749010810108,0.907511330265,0.984083876556,0.698009617828,0.830409827876,0.8230018116,0.819541801155,0.698034305482,0.600430813373,0.771233828727
0.574941629876,0.437676518219,0.304433923359,0.410494458835,0.280223170151,1.0,0.470479256893,0.283063621851,0.300525443892,0.737610120244,0.589917596772,0.255669795182
0.518219348457,0.515758895365,0.425204210286,0.889875280401,0.275622588833,0.750853087451,0.584777609063,0.426393745077,0.466858294813,1.0,0.820945993668,0.346208481932
0.28510703889,0.326356048415,0.445028270238,0.305719613164,0.124973281538,0.338335125679,0.338499755995,0.200893768426,0.25339152158,0.378143456104,1.0,0.676006963842
0.658112766998,0.42095679095,0.506756828554,0.896857196401,0.28937334984,0.45990312138,0.522554643912,0.460608787185,0.589729661347,0.568560666453,1.0,0.804813828565
1.0,0.965869527156,0.572960430703,0.322050643969,0.400836255386,0.33790423996,0.320251740043,0.696000586383,0.594343174367,0.234339761101,0.320489793759,0.558303302554
0.735063333024,0.702589452604,0.39102814549,1.0,0.381977121131,0.564448602759,0.30776438994,0.487082764747,0.511630434425,0.393163165472,0.308853866699,0.29567371693
0.851705155457,0.789795172145,0.664273947432,0.608821601923,0.327291644385,0.806634039252,1.0,0.743475702254,0.500525482478,0.458303841595,0.657171559099,0.799121249968
1.0,0.380149731082,0.335363750335,0.435045622443,0.327231764308,0.497048590151,0.652437383607,0.618762548802,0.539544429359,0.47781454252,0.631148041536,0.691906714197
0.422353236123,0.316229904952,0.324216782991,0.239958745816,0.192519807698,1.0,0.771373471567,0.29403355499,0.180278487128,0.548548152644,0.288937887043,0.208490555414
0.343163621317,0.255081216332,0.229179158029,0.709722099359,0.186680166404,0.70742293628,1.0,0.407549836022,0.297230296449,0.522657927354,0.363853683345,0.214633704994
0.267621328325,0.268695705997,0.292578189268,0.310214750838,0.150443509442,0.340067013382,0.504663172356,0.296134499702,0.331902145957,0.314537708961,0.861650144297,1.0
0.450657023038,0.316235814824,0.421187820572,0.713843632408,0.238972613725,0.286495221663,0.385489012945,0.342939792856,0.331096091883,0.601340632308,1.0,0.689193042684
1.0,0.882777797984,0.47767039013,0.405247393198,0.282804060844,0.284403868465,0.356396132169,0.619144749351,0.562073401581,0.284772387669,0.44457080531,0.48634150115
0.615174174783,0.630596842553,0.391681839751,1.0,0.221566324436,0.304977665051,0.518694414708,0.534871321144,0.464143966607,0.385792172768,0.311518548211,0.268567517321
0.797480489401,0.637979798903,0.668092191229,0.618883323569,0.282453192972,0.78020577866,1.0,0.862125797995,0.563571312758,0.394600367428,0.719717607263,0.750782848737
0.871438232898,0.325818329085,0.468908502332,0.562019330695,0.271293646945,0.515862206087,0.780236541815,0.836126407952,0.562309003503,0.446965739875,0.725836361049,1.0
0.670198125558,0.325374367083,0.261957848904,0.376496326441,0.224171346716,0.674209490141,1.0,0.679689886397,0.401395034753,0.357647669232,0.324015095675,0.577102931601
0.333921350468,0.351907799886,0.144330011609,0.341245913767,0.219056065228,0.714952968493,1.0,0.510143748482,0.362631990605,0.455688987283,0.402242328356,0.165158230514
0.382917534469,0.4396083309,0.126443231143,0.269783506894,0.241422741282,0.629835237632,1.0,0.459082465531,0.294567013788,0.478124120034,0.416649816708,0.176216493106
0.379,0.402,0.157,0.269,0.214,0.546,1.0,0.463,0.293,0.294,0.267,0.177
0.379,0.402,0.157,0.269,0.214,0.546,1.0,0.463,0.293,0.294,0.267,0.177
0.552997105721,1.0,0.387292250549,0.320319995376,0.307212834958,0.2330244156,0.398560499984,0.322457078171,0.504173075767,0.560352376318,0.286876060487,0.33266394277
0.594050817332,0.745199358698,0.666919101777,0.569962510159,0.649791696023,1.0,0.629939130845,0.571119450209,0.644256833424,0.849424267568,0.56762939825,0.555318130628
0.609153082069,0.883020077,0.863601965815,0.743423504072,0.654448066292,1.0,0.774884377951,0.5583623457,0.751813202382,0.876807032259,0.698666696738,0.684598682491
0.724191900914,1.0,0.941556196809,0.670338761589,0.706074153638,0.831573438322,0.717169988078,0.699954327422,0.952666458671,0.869350215848,0.792175922611,0.806099317604
0.705043945276,0.80713003812,0.604656214857,0.593471100906,0.848977589733,0.585861420418,0.673156561356,0.805197726059,0.90347489674,1.0,0.762294105056,0.721405773787
0.664,0.802,0.692,0.641,0.822,0.703,0.622,0.69,1.0,0.904,0.718,0.705
0.77583969214,0.947030498565,0.82787290547,0.786917880568,0.937577219806,0.784275560094,0.728827550484,0.875463429935,1.0,0.963909222326,0.827584878708,0.889213054893
0.814,1.0,0.881,0.85,0.969,0.799,0.766,0.963,0.941,0.952,0.861,0.975
0.814,1.0,0.881,0.85,0.969,0.799,0.766,0.963,0.941,0.952,0.861,0.975
