0.896076655069,1.0,0.825655676832,0.791946650446,0.748681644861,0.818583853889,0.750463710471,0.820598251268,0.861083327855,0.613592203122,0.695629183686,0.574903195096
0.028,0.01,0.03,0.003,0.006,0.123,0.005,0.011,0.009,0.135,1.0,0.052
0.028,0.01,0.03,0.003,0.006,0.123,0.005,0.011,0.009,0.135,1.0,0.052
0.0186103448714,0.00826151564824,0.00807318128332,0.0407179914138,0.0676736816947,1.0,0.0252657202782,0.0260939393273,0.00517441461158,0.02649910068,0.188170605162,0.0101269629538
0.0159161523486,0.007,0.00430538411621,0.0361138541406,0.0597546288623,1.0,0.0268323046973,0.0277484570459,0.0088861458594,0.0134969140918,0.0479461588379,0.00513768881349
0.0267321174359,0.0180830721302,0.0610870619924,0.0337321174359,0.0755926190732,1.0,0.0521585922486,0.0313131946351,0.0159697919526,0.0243207466469,0.0614868909074,0.0126868053649
0.0833155737334,0.0956706474469,0.17220812594,0.0878675477305,0.135494365944,1.0,0.177930194276,0.0686259923124,0.0596648346231,0.114654120318,0.740820599005,0.0656459400015
0.074,0.017,0.065,0.025,0.009,0.164,0.012,0.018,0.019,0.175,1.0,0.118
0.0273174666414,0.017,0.0494391555471,0.0131005307125,0.0126613751654,0.154846562087,0.0248148130788,0.0930581908903,0.0254074065394,0.121910060102,1.0,0.0768095293895
0.0279150900205,0.0182127283832,0.0219551155633,0.072138828308,0.0732676098306,1.0,0.0859886546229,0.0845579847397,0.0137233995771,0.0314820155778,0.266481249531,0.0218544861098
0.0328617539811,0.0189614062142,0.0270007950444,0.0565747122172,0.0657862928348,0.606222024689,0.174780777161,1.0,0.0547387057057,0.030248247917,0.102116771263,0.0131557651712
0.0512249946311,0.0621237634069,0.0856453177941,0.0760727836342,0.172650199131,0.722336764492,0.306445537575,1.0,0.13622871225,0.0620945622054,0.194988445469,0.0357797346468
0.107259496959,0.317361616925,1.0,0.155138206837,0.0648764590612,0.271120209461,0.0635118098313,0.0845375660042,0.0233802605662,0.039881003003,0.249476603359,0.042370738306
0.048,0.015,0.085,0.052,0.011,0.079,0.016,0.062,0.022,0.056,1.0,0.111
0.0772699618992,0.0251607428127,0.123969776908,0.0253285304145,0.0233385556772,0.354138793152,0.051874358559,0.14273997622,0.0404850766621,0.158976188786,1.0,0.448372421249
0.034,0.015,0.013,0.058,0.046,1.0,0.091,0.038,0.012,0.03,0.062,0.009
0.034,0.015,0.013,0.058,0.046,1.0,0.091,0.038,0.012,0.03,0.062,0.009
0.25569132121,0.236579598121,0.0758981507755,1.0,0.596178391137,0.949417549337,0.476721914191,0.545874135193,0.317102009396,0.177922807045,0.151135490647,0.119926826873
0.382615846064,0.287309209808,0.0844828511995,0.640953090857,0.416011335514,0.541996438413,0.318012929155,0.38994290083,0.298199226238,0.583594381195,1.0,0.28500751599
0.310712271605,0.317275250332,0.0815271746403,0.100878102016,0.129560816803,0.412720486408,0.0906439874723,1.0,0.120621540526,0.359892909911,0.530279907257,0.122947485546
0.484617345127,1.0,0.966804840975,0.561435328692,0.322822487773,0.675590792969,0.11554356481,0.255024947526,0.127503938284,0.3951955269,0.450379112981,0.170280265184
0.351139574267,0.689043357117,1.0,0.431328524392,0.249269560654,0.51248903674,0.202489145656,0.411335703137,0.202498318547,0.42734851614,0.805416884592,0.193263962702
1.0,0.531181233482,0.338197226236,0.109786353498,0.0675879476859,0.17199571532,0.0794187510032,0.448127203765,0.0728989099279,0.183354440776,0.439715686923,0.846534789689
0.29021990395,0.225017248749,0.202033111413,0.0876320847073,0.118620595628,1.0,0.263012292294,0.801424047801,0.10277956611,0.219441696201,0.551280975532,0.876561753492
0.232,0.179,0.281,0.149,0.06,0.312,0.052,0.052,0.067,0.26,1.0,0.116
0.145825797387,0.101469059905,0.797265779854,0.118304677893,0.0517749374521,0.342449403851,0.0551066283542,0.0509385223333,0.0675293494647,0.355421840505,1.0,0.257698932286
0.366277329702,0.19854726019,0.752575585984,0.365935406994,0.252844728181,1.0,0.193580612011,0.116150782831,0.0893929265052,0.429647212427,0.906431820354,0.434463894848
0.120281066582,0.120576254154,0.141776886736,0.315707975337,0.0597492092726,1.0,0.0937241301999,0.0887659286545,0.0084623813909,0.0264122232454,0.214796204509,0.0178829643272
0.197761816371,0.123666732912,0.0871415735869,1.0,0.164562027703,0.524586427303,0.118202126868,0.201100558867,0.0402936072358,0.0498965901564,0.210491644032,0.0276946323517
0.220634724563,0.264871706013,0.50587178964,0.572397115615,0.379777340249,1.0,0.416958611817,0.344406716546,0.0791829145072,0.0963313631625,0.246741263777,0.143502465313
0.314900418082,0.391777834181,0.324658283219,0.302568117488,0.263388886934,0.679423909979,0.229493775211,0.376554685371,0.111047475783,0.225060659423,1.0,0.204150431579
0.10617322983,0.0941991440798,0.107540998208,0.0552567845882,0.0591449546986,0.189445220449,0.30118209774,0.948540740012,0.110049517122,0.254119418452,1.0,0.0929032947592
0.113812749877,0.150436144282,0.171042394648,0.197838919424,0.430426315185,0.605588700775,0.777704494807,1.0,0.371420533268,0.390364485962,0.188863112026,0.0655136637681
0.162197326572,0.196631575113,0.228683092444,0.337348699384,0.406534104021,1.0,0.327871676264,0.456064234062,0.122244869925,0.129245664721,0.25396676297,0.0887670520103
0.112263422509,0.390297857497,0.381075530424,0.351015997599,0.348852168325,1.0,0.151557857464,0.308363194658,0.0620026187046,0.0540675835814,0.0895754570141,0.0332547651016
0.432023556949,1.0,0.688534151624,0.466283676372,0.161932256193,0.10788506672,0.156584696329,0.229653638535,0.0699418460063,0.0473851051647,0.127606822899,0.357903938791
0.788460921196,0.812364961061,0.182947249851,0.191259237875,0.0495528818274,0.246365327389,0.272616125139,0.223926671377,0.0836157833906,0.296998367104,1.0,0.672335359391
0.115739651791,0.115358309661,0.20286171693,0.0807732424408,0.141154580914,0.506226773887,0.0689899286283,0.0568103474292,0.0452413245863,0.513277347648,1.0,0.579674267434
0.290267755213,0.284756869962,0.300226673135,0.214334909652,0.44088353503,1.0,0.112661095224,0.199252607173,0.0847322447873,0.831257592296,0.823686997913,0.641974302906
0.458242461819,0.162203184548,0.123037928507,0.213142906284,0.133621402903,1.0,0.10395868599,0.121142906284,0.0430396212587,0.0738313584567,0.072142906284,0.0515611246395
0.605399588062,0.094974883679,0.0569060947732,0.119735116834,0.108339575818,1.0,0.166254742659,0.0475992267763,0.0188245203995,0.0826774998782,0.233498279668,0.0566814989471
0.561028114704,0.136832412754,0.049598799844,0.0979346778597,0.244194110281,1.0,0.355129164048,0.113307884787,0.0262092071395,0.125421145179,0.199847774083,0.123809748341
0.1765261677,0.105288163803,0.0723069094448,0.037848171415,0.0578573585521,0.358429880926,0.0755433919519,0.0892249365301,0.030800171152,0.175682248234,1.0,0.093998306966
0.331178006888,0.0823130207653,0.138258237053,0.0481840355554,0.0513954681886,0.78124711187,0.0459427505138,0.0632343256073,0.046538457202,0.231648687373,1.0,0.47081128493
0.214519916966,0.11858690256,0.146737660944,0.0729095778453,0.122142024355,1.0,0.0829971050823,0.0443207488946,0.0278124907366,0.172813256021,0.647667523614,0.455759775556
0.606185888239,0.600744128758,0.646525020514,1.0,0.346679045027,0.680510400881,0.164382854113,0.0799725628402,0.0693409310182,0.104404391617,0.17980480006,0.0386239622633
0.4438168142,0.460521060896,0.141221910419,0.329584601707,0.147067091614,1.0,0.169106102829,0.0313725455126,0.0195776567167,0.0232780402199,0.0752080331085,0.0432156640204
1.0,0.366035451556,0.0781661049582,0.278488592152,0.226624356779,0.540177603196,0.174538110793,0.136360171379,0.165994552557,0.37132315963,0.951271296662,0.454601024085
0.700655062921,0.664499380035,0.77999029908,0.149984270248,0.0787250355586,0.178402116938,0.309925220074,1.0,0.726083074346,0.622712890908,0.910572778634,0.259834576695
0.119025775464,0.114607702002,0.664640496361,0.0468353140172,0.0346130660361,0.283928389116,0.132434615188,1.0,0.369926883362,0.237578925508,0.899868671321,0.346601470035
0.269504938828,0.196977350535,0.404135189691,0.0332162666388,0.0534319510439,0.19138902266,0.14204976262,0.491151597646,0.322409506761,0.383033903468,1.0,0.131134671734
0.149099851097,0.218093078122,0.127302002862,0.241425883736,0.108475962383,1.0,0.207958661452,0.60110348434,0.0495166055261,0.0727058912245,0.111406685819,0.0317700919244
0.0356106022252,0.0525663334987,0.0507610323861,0.299159381334,0.0621327365885,1.0,0.0825398279357,0.0626725645241,0.0163451290483,0.0254955592091,0.0523185538941,0.0113451290483
0.118222108681,0.061056266819,0.0997969697127,0.353089833238,0.177095750429,1.0,0.0941760444698,0.0538239555302,0.0412556751,0.0334251389683,0.0442856195127,0.0855909808302
0.400683249583,0.450737897912,0.527469070522,0.522620876892,0.250685143501,0.88578644614,0.128521595842,0.112675279909,0.154789272982,0.398965711417,1.0,0.481947219792
0.224983929422,0.189876361224,0.568534861895,0.0696114320583,0.0583074751339,0.286458815937,0.130436844962,0.139157000892,0.286882957949,0.630184761188,1.0,0.426643161403
0.433857062667,0.332512236773,0.150888975833,0.204892296281,0.212815092637,0.514953417834,0.558830821159,1.0,0.158320933078,0.427958866174,0.91376131529,0.878962315631
0.333919923698,0.389008419346,0.168514374658,0.495460081581,0.485657402847,1.0,0.43717029446,0.612738962195,0.302806888407,0.204255824016,0.307360679426,0.464507677823
0.188937598094,0.140819445147,0.18075601632,0.31393510274,0.173528250433,0.265971461049,0.297777732696,1.0,0.234073533827,0.169764451539,0.430204762429,0.14726883747
1.0,0.601957235742,0.312988220386,0.692396581448,0.678626522699,0.538979559227,0.204234984831,0.22055886664,0.170452471674,0.732615244467,0.693003745081,0.404704100444
0.980642534939,0.92333867512,1.0,0.113954122035,0.0525448908437,0.172690339255,0.202934538339,0.227090502261,0.608945531138,0.634435419646,0.92507874948,0.325075578809
0.168641938948,0.230393657246,1.0,0.668646850852,0.251553825591,0.231343261975,0.126447070882,0.121992697701,0.344671314595,0.806923666925,0.409659140543,0.0919525074561
0.123711156573,0.150939999209,0.302575343724,0.664362763587,0.327545012649,0.0954023074522,0.0489346807118,0.0554486370529,0.123570025176,1.0,0.144667017594,0.0476783592723
0.266440261518,0.482868026021,0.666231784765,0.109689101537,0.0506646291641,0.0458193548537,0.0318782422957,0.0803359251636,0.184911663845,1.0,0.299447296037,0.0566259479295
0.430128895894,0.949908302014,0.41521829025,0.152374763676,0.172345055746,0.0539119241241,0.0401965588615,0.0586503960271,0.195643380674,1.0,0.416454648803,0.196402291222
0.717942393683,1.0,0.164673956103,0.0329033699868,0.0453948164158,0.0639022783313,0.1343777376,0.303182571573,0.161074810145,0.290032693685,0.292893403467,0.151379180531
1.0,0.081,0.046,0.055,0.081,0.159,0.05,0.038,0.022,0.314,0.656,0.17
1.0,0.311893315977,0.071216909173,0.114162155297,0.0709548335816,0.115131572715,0.114512371272,0.382575842064,0.0710692877338,0.119508075987,0.479393272892,0.306777197434
1.0,0.847642707519,0.297013281297,0.335412283046,0.333197362036,0.799106321687,0.29942051386,0.364006325686,0.228694977073,0.277896742268,0.349510443824,0.100045310856
1.0,0.336895138696,0.249486339868,0.330878256799,0.652789782984,0.932380438942,0.358048024214,0.33781734053,0.0271715612403,0.0749911373163,0.0367454898035,0.116751270555
0.83119176463,0.107520688674,0.069564065204,0.115609914577,0.141829754169,1.0,0.326808592335,0.12056127911,0.0696934260473,0.214466686653,0.237200161625,0.788110794369
1.0,0.845171269357,0.448159425996,0.37483296595,0.142471724196,0.183314512716,0.140230143734,0.217045514449,0.132852101833,0.0808532302853,0.0917810535999,0.325198665934
1.0,0.10017190541,0.112162894123,0.641440490127,0.0445468028683,0.00993230034101,0.0188034548144,0.164328601625,0.0260404453864,0.0314522782907,0.109297803954,0.462042941256
1.0,0.19201515803,0.447424642503,0.0632719792327,0.0229493287184,0.00673733217959,0.00994932871837,0.177016890427,0.0360337808544,0.0956004763646,0.0310937635483,0.374628410601
0.650040381379,0.226906845164,1.0,0.404620147604,0.0217204637189,0.00970419430888,0.0930486342093,0.386794748444,0.0782971704658,0.046731666119,0.0343716582246,0.429860693117
0.047,0.06,0.465,1.0,0.015,0.018,0.239,0.04,0.011,0.029,0.051,0.012
0.0673763414385,0.114343793554,0.659548771873,0.130488352679,0.0661852344372,0.0453576807973,0.482281804716,0.337545374858,1.0,0.128059648269,0.237227933687,0.0188036729211
0.105023319258,0.627037183782,1.0,0.142926571796,0.081491205239,0.126759235294,0.863385915857,0.142930602102,0.466610977488,0.105085581913,0.111988887893,0.0351908588868
0.614823130683,0.398978566958,1.0,0.182080800571,0.0215309034602,0.167908031305,0.0360378758877,0.0343259411569,0.0230144127842,0.0369907121953,0.0957389636706,0.0285609845216
0.318839956329,0.115667086631,1.0,0.0897469949233,0.0117257011846,0.111404808123,0.0233248998308,0.0348987979693,0.0498815109996,0.0991598165839,0.32075901523,0.109781568863
0.664483368745,0.566721380073,1.0,0.253264515067,0.266113291031,0.13638662578,0.0650756822959,0.0692598164314,0.125674841372,0.307556993959,0.428343225097,0.128217304944
0.335285020718,1.0,0.392870347198,0.0414155129209,0.200203463791,0.165743566734,0.0393537436261,0.0336653913359,0.0868955227202,0.261218200118,0.562200995216,0.100636471124
0.110670335,1.0,0.222460404081,0.0122002685204,0.0361280538774,0.0406920808161,0.0167820134694,0.0778515429087,0.0543814764286,0.141222014336,0.168603490765,0.0939304705607
0.718449200596,1.0,0.166989313707,0.0306430066461,0.131336725868,0.13917973748,0.0613348438511,0.0786930983822,0.0491795381323,0.0436379566885,0.224037928974,0.16397333211
1.0,0.616795255735,0.0929828865117,0.0315846489936,0.108719370519,0.0270703151765,0.038917158992,0.0447057470228,0.145049784136,0.255215735788,0.341341361637,0.250955714773
0.687374988373,0.157740306965,0.0935381018298,0.0884537914934,0.140347104107,0.259038900748,0.0783281953647,0.0597277569521,0.0389469973157,0.0468244661982,1.0,0.281137334456
1.0,0.357,0.345,0.354,0.394,0.788,0.239,0.191,0.13,0.148,0.412,0.299
0.918430600903,0.318944166514,0.222607683277,0.828883588718,0.554214140236,1.0,0.371211563256,0.324500337249,0.136908751532,0.264192862101,0.376877173384,0.200680678679
0.215728124991,0.0991205298158,0.0902439570074,0.0985073478045,0.120596848425,0.273680840299,0.0874330430051,0.0878508841782,0.23654612886,1.0,0.138312268884,0.0325294304915
0.466,0.477,1.0,0.275,0.167,0.475,0.131,0.187,0.28,0.662,0.614,0.135
0.240389048762,1.0,0.270329537731,0.0535077765897,0.0302723290071,0.0988353296531,0.0534597573801,0.600545764462,0.086345263585,0.136588934563,0.111342106375,0.0224823930768
0.562633228456,1.0,0.501369821141,0.297406284456,0.109951451995,0.113519231548,0.226042574865,0.4304887754,0.252144742512,0.158046071432,0.262742461676,0.159630967808
1.0,0.545339505231,0.288040268201,0.243531360871,0.115608894836,0.144986349048,0.212745535048,0.305792962643,0.153741029732,0.177272033613,0.326226877655,0.257482590856
1.0,0.391785596043,0.055316454631,0.153466557454,0.057704644838,0.133906667149,0.0714338553869,0.1207585419,0.176568624147,0.18486497492,0.43758861349,0.234474686691
0.445900702397,0.286034701891,0.304528903594,0.432387154354,0.229673445157,1.0,0.22792991132,0.481727498785,0.844662990611,0.76988787167,0.896153354831,0.347602969769
0.671792613976,0.35313210161,0.292922745646,0.455457467026,0.385897016916,0.705078316122,0.214304382491,0.41547432671,0.195604057576,0.402965589903,1.0,0.800904862593
0.561423941883,0.553123779007,0.498804687325,0.187272893128,0.0993858455194,0.875990144196,0.33480230302,0.318474738759,0.52600797076,0.83011130319,1.0,0.385590189898
0.136272042142,0.115692474639,0.136853626991,0.0489919775004,0.0563945562069,0.95774267863,0.21487884191,0.654960201862,0.103424520605,0.353346803701,1.0,0.300028322271
0.204,0.083,0.099,0.086,0.082,1.0,0.208,0.646,0.033,0.055,0.078,0.039
0.267773304165,0.0673223960594,0.079336564549,0.0955659956248,0.108572210069,1.0,0.193119562361,0.529082275697,0.028748446389,0.0536713894966,0.0601966192539,0.0320912253821
0.687153327649,0.124137604553,0.046554192286,0.154320079109,0.182911184718,1.0,0.305407332627,0.286530034164,0.0596383530894,0.0790492375543,0.0216693726787,0.106268001339
1.0,0.478375944901,0.400101684397,0.671320487864,0.118374829496,0.591633680833,0.244916148582,0.171137645966,0.207337105497,0.2930990379,0.555185500525,0.253446981122
0.0976455812256,0.11164865575,0.348206561899,0.0736039263047,0.0308710114041,0.169484648664,0.0328730778056,0.0325723179342,0.0413851672616,0.284283506403,1.0,0.434967145436
0.0832266799527,0.0365065900828,0.0866237897641,0.0454062290714,0.0955214141572,0.265546904357,0.0384832639535,0.0559331663774,0.348384696488,1.0,0.714395232749,0.724503434568
0.878375122565,0.20188219375,0.222496547997,0.324807942553,0.224497079021,1.0,0.367019633171,0.60839787348,0.981443510138,0.825268774311,0.936432171168,0.890734562774
0.130845022714,0.316264262837,0.386479594366,0.470566055156,0.587424141697,1.0,0.370495918873,0.338329518653,0.177448607351,0.116391513789,0.19692006057,0.0917406176296
0.821310708488,1.0,0.731825668953,0.613153802956,0.432370409954,0.976182344007,0.411119573739,0.359950946275,0.120608583371,0.143793072511,0.434696052625,0.192198513708
1.0,0.470025422384,0.364288330513,0.364239840964,0.276873375663,0.1690596827,0.215695401244,0.430340288433,0.124580209592,0.206323585528,0.712151231823,0.282598341231
1.0,0.235524854969,0.992152341742,0.11037741572,0.0239637049568,0.127812273892,0.0326033972782,0.0764354001418,0.0975248035076,0.149535218514,0.608744709571,0.75129555303
0.110336125135,0.0743638579369,0.472682674321,0.150742068766,0.125773975914,0.447299863409,0.157608778237,0.259565935545,1.0,0.43100991037,0.270415955941,0.229001297705
0.048591058112,0.094235039627,0.226664382216,0.320278707539,0.27921415439,0.84480505987,0.0948917139543,0.151892900396,0.995650961106,1.0,0.0601260886508,0.0376808703977
0.380587265717,1.0,0.520483590165,0.554946143216,0.422287814379,0.235587414709,0.0663497509574,0.967824869968,0.997723095256,0.500646837207,0.0633025462923,0.0549049559854
0.246160860023,0.552029800884,0.496341472764,0.262696588708,0.252706283331,0.0361917413973,0.0240671453399,0.0992588867372,0.744728904116,1.0,0.116425492825,0.0745881503551
0.368589091423,0.898584248072,0.379000481996,0.253511928318,0.194286221818,0.046483354152,0.0255169639593,0.0826344082502,0.556730123932,0.704789103535,1.0,0.098332718822
1.0,0.223693689479,0.115423568719,0.108077781583,0.0518019040631,0.0144537829764,0.0146500352042,0.0407131169021,0.0898390933965,0.788644593577,0.639325303115,0.49819386078
1.0,0.470888664385,0.25010286044,0.0719079442671,0.0659989388829,0.146977563111,0.242041889497,0.885620625533,0.111869690853,0.121957737061,0.528088622764,0.153251484838
1.0,0.533611890501,0.235549189637,0.247539247255,0.406949639608,0.908663241497,0.316664885121,0.2583652903,0.157464130538,0.230955726585,0.373024476657,0.126090604456
0.657476577718,0.552431333204,0.365078047262,0.355255126861,0.571652229606,1.0,0.347997002298,0.36757102114,0.14529146239,0.196717830498,0.13534699999,0.0624116353027
0.648367772611,0.125200826259,0.065530336368,0.158253060107,0.134174563825,1.0,0.171029025858,0.0820247945221,0.0398752452362,0.111080026105,0.170148167616,0.30659941807
1.0,0.437014945296,0.520029967297,0.379627116494,0.244212166717,0.581155662922,0.584885847276,0.368342032944,0.146245676343,0.194204597842,0.27695055333,0.508187052644
1.0,0.05,0.414,0.803,0.023,0.02,0.029,0.114,0.019,0.097,0.258,0.091
0.747239272188,0.216170817934,1.0,0.391922939536,0.0189848516644,0.0135822759272,0.0191197478887,0.122398202608,0.016432554252,0.0510177597834,0.123994134261,0.0705817963285
0.304055790624,0.259405370583,1.0,0.485174378233,0.0359148293251,0.0323949270505,0.0539250624754,0.0930611019766,0.0589102988545,0.0301017566874,0.0713733898025,0.0468734318017
0.077,0.207,0.662,1.0,0.063,0.063,0.108,0.068,0.116,0.05,0.136,0.045
0.106816213904,0.238072872801,1.0,0.899504761782,0.083596885321,0.0881272670007,0.144675251851,0.136078701755,0.599835430439,0.0954386562442,0.16443499468,0.0540311061388
0.085,0.131,0.893,0.135,0.062,0.071,0.109,0.158,1.0,0.107,0.102,0.033
0.0972492220422,0.158765117527,1.0,0.180841623933,0.0475524909337,0.0813972185352,0.065211399244,0.0876858176516,0.519287792971,0.073382483455,0.101656261377,0.0245334448428
0.138804981059,0.121922955094,1.0,0.153564592259,0.0198142351403,0.0554427054209,0.0154690391901,0.0200375442522,0.00808629898757,0.0305553381776,0.0657391466359,0.0312233091119
0.859870781439,1.0,0.746344716088,0.0859183727167,0.0168251121403,0.0221520748714,0.0296101953251,0.0577291463475,0.0182343938786,0.0286112031238,0.143220909937,0.128080122134
0.160685426733,0.465311414003,1.0,0.258509643305,0.0159061019095,0.0281564968175,0.00797913375767,0.0154321847124,0.0186304140146,0.109813783451,0.273638000023,0.0466661401227
0.640962476228,1.0,0.64837620592,0.17612314505,0.143036155403,0.0938722113432,0.0770374088399,0.0896875038926,0.0850852473168,0.160991197808,0.353857048645,0.3636251701
0.714225667457,1.0,0.350398514054,0.191302991896,0.185471983622,0.100274577208,0.0616737593906,0.0738164911206,0.0987384722008,0.157069672317,0.50793629973,0.288870259435
0.196767420711,1.0,0.121278021568,0.0237237677312,0.0469772788608,0.108461579981,0.0494720459007,0.118340817088,0.056701046592,0.159723767731,0.398395205862,0.189498345638
1.0,0.905569705381,0.161455548266,0.0782325502664,0.254962839859,0.0998617183064,0.114081158033,0.21130160769,0.0932038934673,0.186250246081,0.372547226492,0.374384203057
1.0,0.826517669988,0.519373467331,0.113996858362,0.16437392494,0.0304181407767,0.0517400087938,0.0521669012035,0.0517765500117,0.042268195338,0.0865443469752,0.250898696155
1.0,0.257070028375,0.0113869648083,0.00897775105367,0.0451893239008,0.00992958605873,0.00839956715958,0.0110389210418,0.0212253394333,0.25526686812,0.918682368857,0.106483062777
0.520691603026,0.44676329459,0.252620050744,0.436598159762,0.174747567065,0.30147076944,0.119192535015,0.112530288569,0.0819756791501,0.619110707629,1.0,0.113714228189
0.593330291529,0.0989495252573,0.0349579722384,0.167424847886,0.0430751953658,1.0,0.171214611421,0.055061897876,0.06521274202,0.180097064885,0.310861990562,0.0598175869394
0.452912344198,0.211521203829,0.10747821921,0.146891058454,0.19444280881,0.401681461248,0.170292632553,0.147270162095,0.32579183413,0.865177125866,1.0,0.374153595397
0.196005507143,0.261920407424,0.190494181285,0.228181213725,0.129243661728,0.319252597786,0.158266313444,0.0936836035248,0.120501039114,0.25341936831,1.0,0.210660951809
0.0995453129573,0.209741508723,0.19047855529,0.320877351365,0.0695065007738,0.112751115539,0.0636702888999,0.282410730199,0.106728507175,0.183668154052,1.0,0.193936444605
0.362317908771,0.611680269449,0.504290523879,0.89366685299,0.177994626739,0.234602826212,0.182395308387,0.815119924199,0.300515477069,0.343673926331,1.0,0.26870124606
1.0,0.303762943765,0.0972438578235,0.195570327277,0.103017516716,0.164938149017,0.307642926103,0.444639426186,0.242636251162,0.220338468367,0.766965043369,0.223591570251
0.132650548364,0.166798355179,0.143914450686,1.0,0.342123961863,0.973985681904,0.169077723996,0.108861248266,0.0301679973383,0.176694995696,0.693719371632,0.0631117760735
0.367106664226,0.0686071672874,0.103050100413,0.218727642689,0.0668920780846,0.159090482462,0.037030231356,0.166265448815,0.0515533736119,0.465062411815,1.0,0.155647004919
0.151302485215,0.084909768359,0.39288117176,0.0533410300641,0.060994493593,0.159630373337,0.0582783304583,0.227389523163,0.0386875665353,0.281432326269,1.0,0.190694137507
0.077728328617,0.0930640026352,0.281298212633,0.0348995979136,0.0352342507898,0.248700523818,0.0398876843934,0.43461460061,0.0327826616307,0.26355640715,1.0,0.154917597493
0.832838710093,0.463040747139,0.298008681011,0.140388789515,0.143827041551,1.0,0.243817377544,0.158172518531,0.0766221746879,0.468175654906,0.755625430235,0.274814412543
0.823761799161,0.277257340446,0.116853362457,0.235178727624,0.192706054398,1.0,0.309557818056,0.18977776725,0.0405339285857,0.161626836209,0.533124378921,0.091859355617
0.558,0.247,0.284,0.168,0.225,0.82,0.239,0.299,0.21,0.435,1.0,0.351
0.558,0.247,0.284,0.168,0.225,0.82,0.239,0.299,0.21,0.435,1.0,0.351
0.344896596423,0.155905508335,0.215576083184,0.104522390424,0.140088392385,0.623384287222,0.147905508335,0.183586164407,0.140339506374,0.27506939925,1.0,0.280102929564
0.13334673044,0.0273543220745,0.101334093461,0.0248631166858,0.158130770278,0.634014998499,0.0334078016066,0.0213685142749,0.0361604876888,0.139745376185,1.0,0.312861040438
0.336490562365,0.177359435111,0.134138906451,0.640308782363,1.0,0.916078133456,0.261990076787,0.107768443656,0.06330168254,0.575180962043,0.861927527482,0.149176983871
0.554190837791,0.387521709952,0.329531659482,0.835733204494,0.601317319778,1.0,0.430893887891,0.459315656042,0.0855373030476,0.127159391611,0.165488067008,0.0989591530086
1.0,0.365224859492,0.540387704046,0.333033849312,0.228112955892,0.826048524853,0.211361055983,0.178272750761,0.0347577159952,0.275080920307,0.263204080918,0.124601943623
1.0,0.530602128523,0.313480840466,0.366129290635,0.289427526854,0.428201094447,0.514885069015,0.976558614756,0.463422371761,0.574517554828,0.792237094143,0.433529959804
0.064846059896,0.030312954464,0.0565315880584,0.0195133049334,0.0413114146369,0.512602046037,0.0417882655881,0.0641719605832,0.0239011995892,0.17383044862,1.0,0.0741437383097
0.0721714839804,0.113380249785,0.106438849747,0.293892524963,0.168763699831,1.0,0.117326585847,0.0485052672397,0.0212549210982,0.0399147946767,0.037199212511,0.0210581641405
0.156270927223,0.316917172936,1.0,0.967297488276,0.711496049534,0.248789152555,0.26821860064,0.145836830554,0.0291469665879,0.0670968663954,0.0663802882295,0.063024546693
0.457051320224,0.768016907637,1.0,0.564354705458,0.513764937832,0.144265115302,0.0618123841875,0.0626931435464,0.0279085937711,0.0680617563176,0.22613067021,0.346246448368
0.446832405064,1.0,0.510842775865,0.199665084091,0.216478953493,0.0572077288401,0.119642966159,0.0946399072934,0.134192304848,0.0246727302444,0.026711749855,0.287770792892
0.952363199325,1.0,0.183057769888,0.195377177047,0.257941748578,0.147796143689,0.087424254507,0.0855704036048,0.0436400659183,0.0346111965514,0.11746717785,0.356071399124
1.0,0.316209091514,0.184194728764,0.129806730016,0.0890896393654,0.0300751654276,0.0589665341008,0.4314595702,0.104897703483,0.0262091222008,0.111237769679,0.407749721004
1.0,0.516375522393,0.372617556376,0.448308496711,0.0935758921561,0.106283107131,0.0457919025846,0.120088085119,0.0441140628534,0.0771052109588,0.426413453788,0.076667822149
1.0,0.347,0.263,0.294,0.284,0.653,0.16,0.182,0.108,0.264,0.207,0.178
1.0,0.135419966257,0.085645283719,0.191985859282,0.100452934625,0.780415668298,0.100081089718,0.0944592344975,0.0352378621905,0.0834827830467,0.0598131674285,0.0531462439169
0.87899958385,0.365753897914,0.783329926734,0.458207699732,0.32619233726,1.0,0.480105876174,0.545622143945,0.338982706925,0.405641307798,0.239448257272,0.0734253911213
0.902974040541,0.472493501114,0.947298752651,0.149799869076,0.116749493839,0.244478662586,0.401481561829,1.0,0.180703883297,0.10389123681,0.667837093811,0.275456624771
1.0,0.0691309187673,0.0892325465104,0.021646792027,0.0639660516819,0.0679804527953,0.032058352139,0.0828646142596,0.0247093327541,0.0522990280275,0.173274363824,0.324245376467
1.0,0.178924477872,0.0894801076714,0.041903573747,0.0390188805319,0.188151718786,0.022,0.0533074847596,0.0492494941016,0.0935765339243,0.729149020662,0.501253541289
1.0,0.402350380219,0.228651777419,0.502304666218,0.47239435401,0.0645831499325,0.117896400102,0.0962530643356,0.110642573648,0.336162394855,0.251079711589,0.575654593822
0.0788968273817,0.199650203811,0.369683659366,1.0,0.350554441262,0.075237374087,0.0606685313609,0.0199953721005,0.0882064132832,0.0299114283264,0.219578082914,0.0248789897115
0.441479291468,0.837523385686,0.304745331036,0.455942087102,0.585831483862,0.861376288696,1.0,0.413661925337,0.506359956918,0.214535771739,0.328600509549,0.174350105494
0.118590347096,0.0545085490738,0.0806364059225,0.687009269376,0.0677940784452,0.210830355451,0.403136029887,0.340845615361,1.0,0.237771384049,0.386002235203,0.0360517359414
1.0,0.944761251042,0.826216384756,0.368905850441,0.158573846621,0.234843997395,0.264361195182,0.203199690199,0.322260019151,0.296102269787,0.647334615322,0.252483530595
0.033,0.037,1.0,0.039,0.004,0.021,0.006,0.008,0.003,0.031,0.038,0.003
0.0789586723327,0.398802348906,1.0,0.227205032412,0.104047200472,0.0250009500726,0.00950736300128,0.0318237535777,0.00709192350149,0.098208245855,0.0182906781811,0.0114306405386
0.0815826206736,0.506044723697,1.0,0.353331036606,0.0802101113039,0.0607774910446,0.0676474498599,0.0264748243834,0.00810263772297,0.0512413246069,0.110535638442,0.151873270066
0.395167025983,1.0,0.921347797679,0.712764930999,0.381648382243,0.226269646338,0.0260538543531,0.0341193208259,0.0291997539268,0.206325175798,0.521776454164,0.386791226892
0.067,1.0,0.048,0.03,0.17,0.013,0.016,0.033,0.039,0.107,0.05,0.024
0.126735853708,1.0,0.218081250141,0.0324889939045,0.0704402438201,0.0271042987921,0.011022012191,0.0172363719382,0.0464669817135,0.270443933062,0.0342363719382,0.0181923475562
0.342305552941,1.0,0.207678252992,0.095143971115,0.230525825544,0.0579905806364,0.0425039484042,0.0444258267243,0.0745978606029,0.288734219905,0.2927756267,0.0639573282247
1.0,0.876299523152,0.418256035358,0.231475137464,0.672032704061,0.0917730087697,0.0816671848863,0.0687866871131,0.0946076685401,0.753157383446,0.579051353753,0.118424424306
1.0,0.05,0.156,0.018,0.076,0.018,0.092,0.034,0.012,0.073,0.066,0.143
1.0,0.0684636303248,0.148746430944,0.0242644460031,0.1287532295,0.0397607071686,0.0880435077875,0.0438912305312,0.0189238613718,0.128390890975,0.140184228984,0.302248811552
1.0,0.313550960947,0.236652073616,0.113587250255,0.325507458502,0.122383868256,0.135477220729,0.397159788495,0.0505057944531,0.273112142375,0.400762408648,0.64171397081
0.375118543845,0.453030495792,0.210500547088,0.26833419018,0.492258961422,1.0,0.237788996695,0.660877948194,0.0620787380111,0.147370566987,0.536079137551,0.194086211733
0.179013101169,0.0468093187503,0.0718957078922,0.666328802823,0.99518617766,1.0,0.147891919525,0.310227280386,0.0503225037602,0.0329927501005,0.223447148531,0.0554908628142
0.626980849465,0.314222249517,0.746115742847,0.549588144401,0.338818042265,0.832285223227,0.341007318785,1.0,0.412086536707,0.125474061993,0.243979120314,0.0808810662533
0.74101334377,0.808405798816,0.303355278933,0.192901461594,0.2612894088,1.0,0.317169805177,0.851234301648,0.243679330043,0.790324036104,0.270629827898,0.11626434196
0.402480468742,0.114432766878,0.0710782390513,0.0570012260483,0.0666479242694,1.0,0.144746949132,0.0628227360864,0.0367066035578,0.0863728615417,0.0329413207116,0.0317457230834
0.40299717368,0.350072328885,0.170216832101,0.188148114322,0.313185278924,1.0,0.256575499085,0.0775866249106,0.0352763525335,0.0740410521866,0.0865381118124,0.124062102616
0.23955779894,0.173730418277,0.0403838510132,0.135514716098,0.115775543195,1.0,0.238620861057,0.150077832599,0.0364517739631,0.0568944733478,0.107824229965,0.267444812665
0.434448886389,0.167764431052,0.118977931777,0.297966223383,0.106613603456,1.0,0.369650769415,0.721978243032,0.0495289443762,0.0942460330425,0.344219269695,0.0744696141197
0.1577990897,0.120528609671,0.0637465179382,0.211875148004,0.116850387318,1.0,0.158192507727,0.167211750772,0.046309185865,0.15565168506,0.580542189195,0.0566606680942
1.0,0.224190533875,0.228404265211,0.655443968101,0.240096591868,0.834309167743,0.172917084476,0.205297128793,0.126075772942,0.216379698937,0.604725711977,0.438422774898
0.14,0.264,0.285,0.068,0.046,0.214,0.058,0.061,0.107,0.279,1.0,0.128
0.0489464911072,0.0622539901004,0.314458488171,0.0724634072987,0.0924194359061,0.277380383641,0.206185122316,0.599286920219,0.0766488303691,0.210263527601,1.0,0.12710731854
0.136190467334,0.19819884743,0.321590230442,0.266449140274,0.240516729024,0.605495370815,0.354187632408,1.0,0.102365426787,0.245817501525,0.321164061646,0.129957794358
0.115344650238,0.148693707446,0.248390859409,0.21774066529,0.245185262689,0.313489747095,0.245386194131,1.0,0.12224105275,0.0655884774814,0.0642625773074,0.0881062933318
0.417056472354,0.145187129544,0.207186225393,0.311533638682,0.142581023623,0.987652818434,0.62018529443,1.0,0.140917156323,0.0531250622474,0.131712319812,0.0795960875448
0.263572177881,0.151708674627,0.277975620416,1.0,0.269904790533,0.577335237027,0.252708444851,0.210002018216,0.0748609475066,0.124509519156,0.265902986966,0.174864789387
0.218967830541,0.181719227652,0.68123004699,0.273816946574,0.0641120785767,0.248483920917,0.15317984699,0.0782816329089,0.194516485528,0.731582593261,1.0,0.227780870939
0.0597647155584,0.0340115123219,0.0515411736038,0.0244005004562,0.151307259446,0.245695486085,0.139990581724,0.039985942358,0.146136761194,0.477681032212,1.0,0.328559328954
0.170493620365,0.441074832399,0.210923654555,0.461306566329,0.8346191183,1.0,0.121317966799,0.0907040277832,0.266972758472,0.470798201094,0.910037283144,0.707969509965
0.346352758506,0.196623461887,0.345443775299,0.221585196421,0.306620782811,1.0,0.193725194985,0.0966631499116,0.104660470836,0.19566440643,0.197099054021,0.141718580314
0.260844830275,0.0622940549958,0.0839989358922,0.210966324941,0.174379289171,1.0,0.205584105344,0.166016096615,0.0312070627578,0.21520124911,0.273008355365,0.212398217107
0.208160092886,0.107590927212,0.0905815456176,0.169040812951,0.199182963892,1.0,0.15009559684,0.140598316866,0.0956752708035,0.831121356226,0.873052219376,0.147673863315
0.869566977529,0.701232689996,1.0,0.280670340911,0.308171667127,0.606011222468,0.257418847234,0.201527713605,0.206502092293,0.300274352043,0.446193618058,0.300531173847
0.247317973665,0.40052282204,1.0,0.229903868114,0.0983531837005,0.0968146053576,0.194437332139,0.196277089294,0.380148773768,0.666649940156,0.581152904935,0.206276048974
0.02,0.035,0.151,0.047,0.135,0.053,0.019,0.023,0.431,1.0,0.461,0.033
0.757822110083,0.844002021422,0.880246346605,0.888859186862,0.872666053641,0.630199787892,0.390841986423,0.339263864851,0.672043014334,1.0,0.395941014317,0.462328073024
0.265391416713,0.115438414538,1.0,0.0828280001346,0.129100617555,0.0393393401732,0.0283609716843,0.0770573479424,0.304295806029,0.9696736654,0.116491091225,0.0301641447811
0.0794213108884,1.0,0.368600452591,0.0316109783364,0.249871682079,0.0807901200388,0.0302187277504,0.0488329350093,0.189511720718,0.513562544499,0.233415565031,0.171006457845
0.826863361665,0.863300784728,0.364725308058,0.103239156725,0.203901187797,0.201127069225,0.0354991349201,0.0806294180918,0.136716494715,1.0,0.865150818621,0.35597141301
1.0,0.334273097185,0.140094048276,0.0850505100338,0.0843700560597,0.109089583546,0.053670322264,0.602544998876,0.181413206598,0.144893392365,0.463562818028,0.409497093374
0.968431254266,0.153036478953,0.0887143694738,0.274446106711,0.752877886796,1.0,0.162759577429,0.162235449291,0.0455283297782,0.0600698631842,0.447766169,0.436305151595
0.349708884944,0.181565411386,0.123135027453,0.13266667279,0.430447294513,1.0,0.408704680262,0.125864990917,0.0740970567227,0.0591983181273,0.24533334558,0.0779029616479
0.896206624923,0.428003125793,0.276093047859,0.396230193487,0.479294610673,1.0,0.386794863665,0.31064169153,0.0870449533256,0.159076841757,0.155317296025,0.174814836266
1.0,0.359234120968,0.367796772701,0.211082971153,0.251246739636,0.561246671518,0.241925297734,0.339074975529,0.0838673908668,0.149916676769,0.299017608263,0.629058288818
0.924949493597,1.0,0.720885986211,0.482014001435,0.328787099931,0.303284721378,0.332921331936,0.467222044752,0.222270887843,0.286002550475,0.278566146343,0.350540665443
1.0,0.135,0.62,0.57,0.066,0.023,0.034,0.084,0.019,0.123,0.147,0.041
0.703287652025,1.0,0.663603336642,0.144105075188,0.0288564402111,0.0138129603722,0.0197161329714,0.0523150475472,0.0181108703685,0.0449140334431,0.0828072571975,0.215421554857
0.227827477257,0.177959686339,1.0,0.281030461017,0.0708193768826,0.0238634918938,0.0263132106608,0.020834958702,0.0133721170919,0.0227916173518,0.0294492545705,0.0369234647115
0.102516069987,0.544437769804,1.0,0.492315029737,0.147028547375,0.0825695710045,0.063087747904,0.0502068596909,0.113993111798,0.0607820097388,0.0640583984905,0.0383678857608
0.0215300859618,0.0917886052924,1.0,0.955504594844,0.318440655064,0.0965946054197,0.0631028098935,0.0150063022186,0.00891279094689,0.0187794316855,0.028817063211,0.0154300320353
0.0421810543138,0.0603157843503,1.0,0.596213770207,0.287823826776,0.0435981402362,0.0867110754187,0.0237463911264,0.0525665423114,0.0192082305666,0.110006967467,0.0158088263832
0.11016680471,0.0965273047819,1.0,0.398540366174,0.150933773014,0.0130141641072,0.0273328943203,0.0520574854411,0.0116887306259,0.0390590005824,0.0464934592483,0.0232471521062
0.123556629775,0.116615984255,1.0,0.205155700462,0.105034113335,0.0100490369822,0.0454248233451,0.0492574616241,0.00850948548912,0.0608967810067,0.0149569263356,0.009632833858
0.0443191290469,0.309574949721,1.0,0.153317355104,0.0610559370461,0.0730301530903,0.0967257053316,0.0150519841308,0.0204167496237,0.043644751235,0.239672923198,0.00925997819679
0.0182721208539,0.186472721486,1.0,0.301579405733,0.036984847796,0.0682830322595,0.21536060427,0.0112030304408,0.0107969695592,0.0351187878237,0.0499266687884,0.00996545479345
0.011,0.069,1.0,0.541,0.023,0.108,0.179,0.014,0.008,0.034,0.093,0.015
0.011,0.069,1.0,0.541,0.023,0.108,0.179,0.014,0.008,0.034,0.093,0.015
0.0213078553782,0.0223530554387,0.286582571988,1.0,0.0530352309508,0.109204726803,0.021194731469,0.00917298534484,0.00835284361806,0.0243888310949,0.0456564362742,0.0146392778415
0.0298232211763,0.00586269943352,0.598885640786,1.0,0.0417059508497,0.179782578474,0.0136470245751,0.00343134971676,0.00264702457514,0.0128626994335,0.0340394782572,0.00421567485838
0.00727186034504,0.00841544233402,0.83138751882,1.0,0.0164268002789,0.0462694403635,0.0959800002179,0.0386994100022,0.0736643103031,0.0171521633302,0.16635713253,0.0174210328849
0.629538923613,0.211550266025,0.860637697298,1.0,0.0811565056292,0.0525901779935,0.324237930448,0.129221455501,0.047245437193,0.101114529837,0.285683843096,0.897866322358
1.0,0.360879890161,0.117175986166,0.0331229165235,0.123034941837,0.0929100856631,0.032672957771,0.208582114282,0.0303133443429,0.143512815731,0.323352861447,0.0704450614448
1.0,0.0269693927414,0.0429995634985,0.01875776094,0.0558189754572,0.249579355406,0.0211814610442,0.0383025805742,0.0166965464228,0.0737555784326,0.0517861856912,0.0375758633943
1.0,0.0475557100239,0.0695433300186,0.0174365000443,0.0151811100062,0.060759285004,0.0469179300363,0.0643622200124,0.0371439699903,0.16575469493,0.134166434964,0.0321687300009
1.0,0.097,0.108,0.109,0.028,0.069,0.122,0.09,0.017,0.022,0.06,0.034
1.0,0.097,0.108,0.109,0.028,0.069,0.122,0.09,0.017,0.022,0.06,0.034
1.0,0.190170073177,0.042064441264,0.0460099735809,0.0142634935233,0.0172419242526,0.0294373608216,0.0533826293431,0.0248281262829,0.0320143038896,0.0637048870269,0.215100623739
1.0,0.183590708281,0.0236916959557,0.0166456889263,0.0385843462205,0.0154156537795,0.0120766783823,0.0730904235436,0.0339539929706,0.0396610246028,0.0225230035147,0.136412472749
0.888466995076,0.521052730991,0.0899817411193,0.32503789387,0.331663292967,0.0433699210586,0.10404738656,0.161657411573,0.0647526526764,0.164556540523,1.0,0.265319950196
0.165659694551,0.115998038674,0.0246814826966,0.0815628819213,0.0866161237748,0.0182698802343,0.0315827412504,0.0434068033336,0.022948767461,0.0676420435578,1.0,0.0774852611294
0.044,0.051,0.02,0.062,0.072,0.029,0.032,0.031,0.011,0.02,1.0,0.033
0.044,0.051,0.02,0.062,0.072,0.029,0.032,0.031,0.011,0.02,1.0,0.033
0.0642270004283,0.0478320900538,0.00357695847607,0.00573111910224,0.0117668072143,0.0148379891741,0.00433401550812,0.0140894639541,0.01281965777,0.00925259601804,1.0,0.0341777095381
0.0292737919536,0.0260413663987,0.00137119971662,0.00225760056677,0.00312363352086,0.00970381569774,0.00703040226708,0.00506683394594,0.00538696434537,0.0131154520524,1.0,0.0449773781231
0.00711542999114,0.00523492952439,0.00627052014087,0.00231581169008,0.00655768190091,0.0104525073327,0.00432286327456,0.0410414577552,0.00502473599468,0.0183520015054,1.0,0.0311877294805
0.01,0.039,0.008,0.011,0.073,0.018,0.018,0.085,0.013,0.011,1.0,0.029
0.01,0.039,0.008,0.011,0.073,0.018,0.018,0.085,0.013,0.011,1.0,0.029
0.00531760050046,0.0192298687797,0.00435813372258,0.0057973338894,0.0355408040037,0.0133176005005,0.00915546761199,0.041297604671,0.00675680066728,0.019844532388,1.0,0.0269189335558
0.001,0.001,0.001,0.001,0.001,0.009,0.001,0.001,0.001,0.028,1.0,0.025
0.00151390363367,0.00151390363367,0.00202780726733,0.001,0.00151390363367,0.00694438546533,0.00151390363367,0.00151390363367,0.00151390363367,0.072709616129,1.0,0.034250265406
0.0699937401369,0.0730565212242,0.0866139236819,0.0726690774416,0.0513107755047,0.0549233317221,0.0461040476564,0.0491668287436,0.0644807341799,0.171355172005,1.0,0.0990488938966
0.593672462472,0.674398552006,0.518748588021,0.662643835318,0.589575334009,0.543743869134,0.423920089433,0.519659036502,0.481186713992,0.487560455274,1.0,0.488886524508
0.809936513538,1.0,0.281843644417,0.299924266237,0.286165613602,0.256306173599,0.193504397897,0.251296820049,0.22590486484,0.176202866794,0.201519661822,0.233665419149
1.0,0.116450547555,0.00332251425718,0.000972448530794,0.00194489706159,0.00178278586038,0.0,0.00332251425718,0.00178278586038,0.00299829185477,0.406141113326,0.0135328958159
0.0381946048932,0.00715011967593,0.0333631629682,0.0224497776368,0.0107950382938,0.01632041689,0.0081506960332,0.00592956108758,0.00406754957553,0.0144237836722,1.0,0.0944128379178
0.0608840209213,0.0100979415395,0.0320200374438,0.004763205991,0.0260218713543,0.0257783278025,0.00922250407165,0.0201499336294,0.0101199378654,0.0370711976595,1.0,0.0673362743252
0.0247240755641,0.00701079730798,0.0220076506859,0.00268902874586,0.0287763524772,0.0141130904295,0.0116503432582,0.0407952630031,0.00854602937082,0.0442420153241,1.0,0.0312404567707
0.0702161813932,0.0248320075437,0.0465737623203,0.00840424248022,0.00736925141715,0.00852805809879,0.00843756393885,0.0266652806714,0.00835853825871,0.0330621480325,1.0,0.0511616750105
0.00559167014988,0.00486448913031,0.00513169605932,0.00286729515601,0.00409307316274,0.00627181019575,0.0236709335124,0.0876901004211,0.0354227073,0.125156669806,1.0,0.0360679127451
0.0661816365076,0.0281697872432,0.0417584096393,0.0224707749939,0.0760112673455,0.0114181878423,0.0239028964251,0.0365479230093,0.0139896800324,0.0468619906894,1.0,0.0869939351598
0.00513619792791,0.00759860031101,0.0149503693135,0.00506752234393,0.043019196153,0.00644965536628,0.0259550175306,0.0524304592133,0.0137580210493,0.0522688127367,1.0,0.0264839931583
0.00314494843757,0.0107359226013,0.0104559941473,0.00226407739869,0.0475029201759,0.0156267620613,0.0328591373493,0.0211863265419,0.00981246146576,0.0634449910615,1.0,0.0299879000216
0.001610399102,0.00478054975687,0.013219315425,0.00296621249757,0.0376337967258,0.00771118874249,0.00772996961684,0.0459967648056,0.0104071012206,0.0945748591842,1.0,0.0231039236109
0.113431119319,0.00876611268581,0.0160816464558,0.00435520490576,0.0250353426426,0.015575155523,0.0117280238096,0.0386559855576,0.00782972685798,0.0616259024758,1.0,0.0274449718022
0.164650629736,0.0145437912698,0.0231530294707,0.00669586084652,0.0460654469312,0.0158267547089,0.0160875825396,0.0434128974074,0.00843503301582,0.0451963407935,1.0,0.0488488903173
0.0189738853374,0.01056464987,0.0137169996301,0.00336708995901,0.0391444697595,0.0326842577592,0.0754302839034,0.0207910921883,0.0146245690598,0.069359976119,1.0,0.0192009210492
0.0313916323254,0.0164918408898,0.044442952243,0.00333348194554,0.0265853095693,0.00870853810257,0.0356491686677,0.160953682117,0.00829669348209,0.06274278026,1.0,0.0196663683024
0.212,0.085,0.066,0.009,0.01,0.011,0.01,0.031,0.012,0.031,1.0,0.023
0.0714783121601,0.043064208341,0.0306856491292,0.00458570614116,0.00558570614116,0.00805713742744,0.00852856871372,0.0170214027803,0.0215643033608,0.235528948793,1.0,0.0163785592117
0.214621455504,0.0347343575545,0.0295601448122,0.00704082000597,0.00695851906874,0.00937727661161,0.017858746915,0.0788411241927,0.0159640748397,0.102105997111,1.0,0.0245625028233
0.130628541053,0.0182441633671,0.0647643139963,0.0165498889656,0.0117940523327,0.0185498889656,0.0470849087631,0.224133687385,0.0243057255985,0.0344501110344,1.0,0.0434034179711
0.131307763621,0.0144883184588,0.0436656715437,0.00363002953596,0.00304631202209,0.0193515456849,0.00418164150556,0.0263813159252,0.00539508269613,0.0713543206957,1.0,0.0492108000274
0.0110781735338,0.0209128615288,0.14063351624,0.00502605784461,0.002,0.00980863015037,0.00573045661654,0.0770196038098,0.00911319631581,0.0540781735338,1.0,0.018
0.002,0.002,0.009,0.002,0.002,0.003,0.008,0.307,0.025,0.045,1.0,0.018
0.002,0.002,0.009,0.002,0.002,0.003,0.008,0.307,0.025,0.045,1.0,0.018
0.00100225474862,0.00139127881052,0.00240480730226,0.00139127881052,0.00161097593811,0.00278030287241,0.0360515449095,0.579805631526,0.0739034548018,0.0830289974233,1.0,0.0345769240815
0.00982431414281,0.00995044258323,0.00735186316667,0.00688035528872,0.00640884741077,0.00709148531632,0.0267345665113,0.717216110887,0.139337201505,0.0718226884895,1.0,0.0559052417197
0.350164178124,0.397072692837,0.314895824108,0.278772567227,0.203882590531,0.199296408616,0.20534791383,0.615826989948,0.375613218034,0.416070995586,1.0,0.363745802809
0.736431312248,0.650981839457,0.623978929205,0.5337479011,0.379621383499,0.396013275811,0.358483573079,0.729442076261,0.708756075924,0.814158726671,1.0,0.658017056133
1.0,0.154,0.002,0.003,0.003,0.001,0.002,0.01,0.003,0.003,0.022,0.131
1.0,0.233984471604,0.0496098045264,0.0515620006169,0.0577512752053,0.0619405497938,0.0781756872422,0.0937932559664,0.115359138682,0.205817767282,0.418589671705,0.345244120369
0.537648151396,0.173876961251,0.0556486310011,0.0567108054203,0.0642075909773,0.070091875961,0.0872021003357,0.1000405403,0.133818400984,0.554522829548,1.0,0.313510387019
0.123070717069,0.00877483613049,0.00891215689585,0.0143753453614,0.0455687157464,0.00467881487054,0.0207756117653,0.0544479157549,0.0200731020438,1.0,0.358276731247,0.0133020539811
0.017,0.04,0.03,0.052,0.09,0.021,0.111,0.075,0.063,1.0,0.047,0.019
0.00642707330482,0.0156661827829,0.00830980321166,0.256017244754,0.0861880411941,0.0214678018569,0.0353572604498,0.0219018543507,0.0132444562798,1.0,0.0638676477476,0.00718297089657
0.0150161765613,0.0484729055498,0.0370005066679,0.0431001404687,0.045789286896,0.0215615711618,0.0526142011589,0.00995790496307,0.0235011120944,1.0,0.10357381189,0.0484658364745
0.0200669447279,0.0320310189434,0.0158293713968,0.0478034451869,0.208480804331,0.0610051947679,0.107161033895,0.0237765076043,0.0406776765237,1.0,0.119442843325,0.0353571358538
0.0337719094296,0.0351362351271,0.00563431787721,0.0439975048046,0.0893482753387,0.0674760636505,0.0264366572367,0.00715696484805,0.033422140049,1.0,0.154861900408,0.0138375398657
0.113689061784,0.191894059494,0.0221378123568,0.0536890617842,0.0239929372996,0.0252756247137,0.014193166743,0.0198621876432,0.0404416878722,1.0,0.104731437987,0.0254829168575
0.0246598614425,0.0236214275924,0.0266975278349,0.177216415294,0.0583266978867,0.0946252852024,0.271322948802,0.0284322602905,0.0896133729615,1.0,0.138510683228,0.0110285520213
0.0197913092305,0.00673775284796,0.00615561221944,0.035745944053,0.100811360357,0.266877562382,0.0618346317759,0.0421614369043,0.173894701351,1.0,0.185765528668,0.0095043345188
0.019,0.006,0.01,0.019,0.039,0.269,0.004,0.007,0.07,1.0,0.101,0.003
0.019,0.006,0.01,0.019,0.039,0.269,0.004,0.007,0.07,1.0,0.101,0.003
0.019,0.006,0.01,0.019,0.039,0.269,0.004,0.007,0.07,1.0,0.101,0.003
0.0175839518018,0.0895164357085,0.505141903064,1.0,0.564970004179,0.197559318074,0.0341818247793,0.0401996726844,0.111940623634,0.739768321473,0.483385783034,0.0527049604079
0.016205076704,0.0929482300187,0.509033779575,1.0,0.566014862951,0.105559188041,0.0357490696242,0.0435915380431,0.178246108808,0.867216879384,0.520497757186,0.0580213631083
0.011,0.011,0.012,0.007,0.027,0.004,0.006,0.012,0.19,1.0,0.149,0.013
0.011,0.011,0.012,0.007,0.027,0.004,0.006,0.012,0.19,1.0,0.149,0.013
0.00283680407328,0.00374382584291,0.00383680407328,0.00427893469109,0.0115806299162,0.00309297823036,0.00327893469109,0.00474382584291,0.0602958869421,1.0,0.0755312366595,0.00392978230364
0.002,0.003,0.00221687249646,0.00321687249646,0.00608436248232,0.003,0.003,0.00321687249646,0.0360362149505,1.0,0.0484218124116,0.003
0.0177538253547,0.0186715984253,0.0169917846174,0.0152665492451,0.0176872948316,0.0188181118631,0.0165104184307,0.0171810484518,0.0329995728471,1.0,0.0648142704113,0.0186959461395
0.393,0.339,0.344,0.29,0.252,0.212,0.222,0.242,0.322,1.0,0.352,0.366
0.124219049786,0.0855258492274,0.0884360423478,0.0879463878689,0.151393891873,0.065322755726,0.0670183763427,0.0825580248462,1.0,0.897480182355,0.235535107955,0.130850090882
0.196,0.003,0.009,0.001,0.002,0.01,0.004,0.008,0.009,0.019,1.0,0.286
0.196,0.003,0.009,0.001,0.002,0.01,0.004,0.008,0.009,0.019,1.0,0.286
1.0,0.0150121448419,0.00566303368292,0.00308339458098,0.00232548176268,0.00394479401479,0.00369063667553,0.0486753278935,0.00566303368292,0.00768717399807,0.223541222211,0.0780572768594
0.995723479632,0.0167749927601,0.00884292068981,0.00492022456531,0.00295406095744,0.00588885973237,0.003941958307,0.0503635026453,0.0078646544315,0.0225386483061,1.0,0.0324850394406
0.008,0.002,0.005,0.002,0.001,0.004,0.001,0.002,0.004,0.019,1.0,0.012
0.008,0.0032317298254,0.0426557403764,0.0165168157993,0.00504711228344,0.00672740175623,0.00311153684353,0.00252788421088,0.00426394210544,0.0238389385998,1.0,0.0127918263163
0.0489173263768,0.0217956268454,0.236836245223,0.0770006494622,0.0464603173319,0.0799228593861,0.0235371462456,0.0232046904999,0.0209080192708,0.109535874602,1.0,0.0313196839811
0.199425676014,0.029373121767,0.0758695879187,0.0127520777197,0.081997996528,0.0703120804106,0.0249608114606,0.0678475679659,0.0303189534123,0.125617435863,1.0,0.0384105666199
0.0674146684982,0.0140846553471,0.0429262956821,0.0137777731435,0.0638350477777,0.216173587454,0.0202638185954,0.108361202246,0.0364940681699,0.0922592262909,1.0,0.0291492430458
0.0530590426073,0.0163764755212,0.508181501842,0.0787143046278,0.0170550024925,0.0755335448656,0.0139574494557,0.0258144723482,0.0153308880327,0.173564042839,1.0,0.0210433676329
0.0454075499948,0.0190940499988,0.365522070037,0.0637172100062,0.0139686500004,0.0160626999992,0.00937492000032,0.00925015999936,0.0134689699991,0.167566219985,1.0,0.0400313499996
0.0661612522901,0.0139826890144,0.127320038574,0.0257285800467,0.0598254051687,0.261050107427,0.0404114040382,0.0122249260108,0.00693373882213,0.150272810576,1.0,0.0236771623797
0.190378503851,0.0110849735812,0.0304347173891,0.0132237890845,0.034148026905,0.0152870583005,0.00901125198301,0.190197218349,0.0247748276061,0.0645387550535,1.0,0.0295164733765
0.0489253199282,0.0177688670387,0.0143073891989,0.0102311329613,0.0506886703867,0.331266596691,0.0177704432044,0.0336894584696,0.011153300558,0.18382699737,1.0,0.0173073891989
0.0168193971306,0.053977377107,0.0227361187744,0.00626400314849,0.0116152457623,0.172633763973,0.401991711128,0.249385061482,0.0193919257053,0.104425693578,1.0,0.0333221853827
0.154825672681,0.0472340300606,0.0520167164329,0.0217725374084,0.0415952241154,0.184103284571,0.0592776118903,0.325271639942,0.0441170150303,0.178792239815,1.0,0.0897958213102
0.302336988688,0.147291485239,0.109380008518,0.0412090015398,0.533221417471,0.265308285448,0.121840263305,0.272552618555,0.151654161082,0.349591426864,1.0,0.35646781267
0.248583577597,0.0277738922004,0.185067033415,0.0211214245759,0.0667701643437,0.10987714408,0.0348128558798,0.174071410281,0.177322328384,0.356593869878,1.0,0.189163168958
0.253701174237,0.0233420384549,0.183806170489,0.0472681292646,0.661093423475,0.15526445886,0.0375096269186,0.112506924221,0.0213398806888,0.177630829934,1.0,0.32794218381
0.16409497718,0.01949720531,0.1089390334,0.0310377680395,0.13740725412,0.300824007668,0.0359743886267,0.264605134201,0.0240986750592,0.209651710265,1.0,0.218303437829
0.275817688294,0.0325871651078,0.0357402516291,0.0242378942973,0.467765006655,0.213148894926,0.0237415153472,0.0752793107889,0.0210836116005,0.205392321886,1.0,0.143734485682
0.371302187268,0.046057039097,0.0468325242799,0.0306650485598,0.202995145679,0.171406553499,0.0816990288037,0.348327668298,0.0623543687224,0.332206310285,1.0,0.134138349797
0.218250215098,0.069787432429,0.0934704849653,0.0485912072183,0.119447539562,0.185514981043,0.218059389445,0.54564289687,0.266703016387,0.619984072044,1.0,0.169804448381
0.0839504495354,0.0253527894747,0.0980948071154,0.18367065345,0.390492816433,0.999312586746,0.0894287275283,0.260868991551,0.0403222948719,0.392398858774,1.0,0.149481225179
0.872796196437,0.36968374595,0.171896536778,0.267063032882,0.417705903661,0.447186910452,0.20818143057,0.27308308105,0.279878856105,0.324156446473,1.0,0.501829457835
0.150426245743,0.038339240496,0.0669412820989,0.147173686655,0.0773312681841,0.136824657311,0.0402885005742,0.0409435631408,0.0165732614139,0.0682400303595,0.958494909936,1.0
0.0214326998027,0.005,0.0176249968569,0.00465384518675,0.0146730774066,0.0592499937139,0.00466346129669,0.0106538451868,0.00499038389006,0.046913480155,1.0,0.0578461673855
0.292872255246,0.0482699283539,0.0179226486327,0.00951864123382,0.0385427399605,0.0721757330481,0.0671930582827,0.0763417729508,0.117135467095,0.24599544777,1.0,0.53141258128
0.0258160290831,0.00602925545418,0.00953602832076,0.00451820905178,0.0133485634336,0.0329715241114,0.00467641848473,0.0196764184847,0.00552459213556,0.0821162422511,1.0,0.0857272707668
0.0215127673161,0.0128065751672,0.0150839451003,0.00840328758358,0.0133193424833,0.03,0.00704197255015,0.0188485477173,0.00468065751672,0.0837044366381,1.0,0.128401532073
0.0295743758397,0.0063976448121,0.0118394723811,0.0055301930828,0.0156347620053,0.0332695240106,0.005441827569,0.0111487516794,0.0043534620552,0.017441827569,1.0,0.0441767310276
0.042,0.015,0.03,0.017,0.051,0.104,0.015,0.036,0.012,0.027,1.0,0.048
0.042,0.015,0.03,0.017,0.051,0.104,0.015,0.036,0.012,0.027,1.0,0.048
0.0621752030518,0.0259282349864,0.0400876015259,0.0258266513352,0.0694939361308,0.0787809961852,0.016681266921,0.0305358825068,0.0145219003815,0.0324641174932,1.0,0.0572469680654
0.09,0.041,0.054,0.038,0.095,0.044,0.019,0.023,0.018,0.04,1.0,0.07
0.09,0.041,0.054,0.038,0.095,0.044,0.019,0.023,0.018,0.04,1.0,0.07
