0.839036457157,0.643521452722,0.312229528539,1.0,0.766493580151,0.482419134288,0.874461453017,0.563761459013,0.166949982512,0.14612744613,0.723667929857,0.486030251165
0.81995773759,1.0,0.412341606156,0.690246391837,0.625561403879,0.199014172805,0.573249405997,0.500094328645,0.108586579585,0.0768176839489,0.442268710193,0.51526800507
0.45746897823,0.359660997124,0.134120449236,0.340362981664,0.447734982984,0.16925295986,0.425545946955,0.37740717706,0.1429823762,0.344957035776,1.0,0.597875556811
0.764721683521,1.0,0.481964953573,0.467380834654,0.63549584157,0.59166380286,0.85435121345,0.846813339338,0.528144579623,0.471336215383,0.710999054268,0.386797026093
0.376139424759,0.414443944178,0.317045861611,1.0,0.767283629312,0.499582431028,0.931895844785,0.877836119265,0.300635235782,0.194602624463,0.510311075479,0.477692135812
0.455035431038,0.518134641068,0.327929271119,1.0,0.705365236488,0.20596379262,0.753932068886,0.496323362612,0.0697338530315,0.0662210420047,0.375573229445,0.242914734842
0.283062146634,0.186257752406,0.156346330938,0.328416662977,0.285073500874,0.471739699099,1.0,0.515563880649,0.111271359783,0.0799756697923,0.409115084444,0.967078025745
0.901830002035,1.0,0.461711037524,0.889746062137,0.70352911517,0.218762230477,0.688410595867,0.387757334745,0.116706927131,0.0655261452039,0.627370453353,0.685402418481
0.864350884813,0.724434717014,0.296758794189,0.881551184339,0.774903057714,0.46411158566,1.0,0.814741764097,0.181658582123,0.149175855485,0.66936624105,0.563624917931
0.940159423968,1.0,0.41462912814,0.531248681972,0.470023217427,0.305684500058,0.469544401272,0.422025233589,0.0977224454044,0.056577199925,0.324150389901,0.434787082947
0.307662208081,0.228054856619,0.117272799004,0.336944241332,0.371642506483,0.187116548417,0.648038695591,0.466294971478,0.154556055802,0.371050580409,1.0,0.494034747553
0.829387463787,1.0,0.561593304727,0.585767073951,0.75658104518,0.678665466616,0.923713346083,0.909841914954,0.594516620799,0.511823056466,0.700491483148,0.475714517553
0.509321101357,0.417190771779,0.307643880227,1.0,0.714613889018,0.500754738583,0.984389042102,0.768448681709,0.278462360244,0.196354084225,0.453498620392,0.424829897062
0.803447230889,1.0,0.513258167019,0.54420862947,0.393642577075,0.21103650155,0.746549475694,0.456588503536,0.0631521390014,0.0521223929629,0.3816663888,0.834637612746
0.304944200763,0.279211717644,0.189718326244,0.884787629175,0.76747923541,0.300873554487,0.288579617884,0.157898602588,0.0814986047174,0.0797571110552,0.700342804462,1.0
0.922042317707,0.97805451968,0.487839753291,1.0,0.686846809269,0.23803911858,0.737302056039,0.464398625306,0.091783105707,0.0670532876759,0.667678749714,0.698514123123
0.576283378736,0.53244572919,0.307561547178,1.0,0.879061948808,0.43407637816,0.879605236496,0.721364811467,0.148800251629,0.1145347042,0.448156445619,0.42039419428
0.735952275236,1.0,0.601565570622,0.691215216421,0.533788619197,0.240809607574,0.930101895034,0.533205244215,0.0936635003416,0.0599761921408,0.376062821064,0.373054337508
0.376666189814,0.341839342136,0.146923102176,0.476318271809,0.535467045023,0.214133912466,0.72226069848,0.64524251437,0.228055030944,0.445551461258,1.0,0.523362871234
0.884241922745,1.0,0.558802640688,0.698167255029,0.761119747407,0.655514466169,0.809552239868,0.763805484885,0.398035783992,0.316225603125,0.454093087185,0.388719461485
0.479436393826,0.45799208246,0.335111132839,1.0,0.710807861901,0.498755655135,0.901380730907,0.898604281513,0.298484396385,0.181568346604,0.703927196316,0.625399958957
0.575354486427,0.79215818761,0.480284388869,1.0,0.64888231624,0.226649437509,0.632816546605,0.466125410427,0.0941462337595,0.0806740074983,0.672919447298,0.568080541247
0.284792079472,0.221032953124,0.170936643019,0.435179644535,0.34498366162,0.358029170573,0.943784048295,0.514788973457,0.140700453663,0.145235997136,0.61021552276,1.0
0.873955158924,1.0,0.458859318794,0.946953118813,0.79057058887,0.249824584374,0.703314220732,0.547542799346,0.0859642324846,0.0694301900444,0.51080030516,0.689166456895
0.854839214735,0.662402985576,0.28441669977,0.981940053092,0.77520286377,0.389210334245,1.0,0.667083044414,0.159967715025,0.134506990292,0.415904745033,0.272976093271
0.849340352244,1.0,0.524316227935,0.668265402953,0.502170160575,0.171804512928,0.816513773271,0.530802755069,0.0864975716302,0.0578106507171,0.453535078196,0.478769093836
0.691418666813,0.487605996344,0.187252347316,0.684117097953,0.737768376937,0.255510871883,0.690799659683,0.377677243681,0.253193798816,0.503632097967,1.0,0.6132612565
0.899619569112,1.0,0.513535351025,0.620765864013,0.696331990914,0.713136726689,0.819734837053,0.825424030607,0.426416365513,0.332940323567,0.630029713938,0.470416390399
0.608893835651,0.698957047364,0.402001910861,0.963684932991,0.753739101051,0.589371411913,0.778378258848,0.952578729963,0.348751652557,0.232200833584,0.812725809372,1.0
0.575970508365,0.639002298594,0.40174522655,0.445116825835,0.326870051375,0.280022129728,1.0,0.711161878963,0.085348369659,0.066206243467,0.358104087972,0.737827696334
0.280421119087,0.293765196888,0.257161823969,1.0,0.775530921239,0.30764975569,0.386843439067,0.239709573337,0.117726310248,0.142428886246,0.901901871635,0.911116977091
0.636631361193,0.631994487502,0.314153695731,0.915755489751,1.0,0.210722778069,0.83176424135,0.407942737525,0.0664046745794,0.059060019343,0.41506352234,0.280652960533
0.727433094377,0.656052106427,0.298925893453,0.974775562241,0.871918845774,0.290896575849,1.0,0.973469549809,0.209774692049,0.149953600678,0.843609260608,0.675000702856
0.55753485594,0.546775485965,0.601967089951,0.980447516286,0.56242506438,0.162767997895,0.686900220381,0.584502573068,0.204904818454,0.21125503509,1.0,0.900192120254
0.252501896062,0.209680859839,0.183088674039,1.0,0.311125187608,0.127786181882,0.216006258135,0.158896592958,0.0713715792432,0.162769616726,0.650777720054,0.226972463287
0.868804958762,0.935511977512,1.0,0.865270821093,0.301030812827,0.127589765453,0.25548531506,0.236555576887,0.0666730083178,0.19827116643,0.663648028752,0.519876742541
0.189184326976,0.178354208351,0.774524900346,0.753090558361,0.363912567449,0.772615307391,0.559235882556,0.242025819985,0.250505401942,0.360132751524,1.0,0.629980484226
0.291068574697,0.416344172781,0.170243561943,0.218879239252,0.392054722051,1.0,0.709263495409,0.253000242245,0.167680409516,0.178030924064,0.231549491587,0.231824013696
0.333255286172,0.199435239558,0.382942720842,0.601745381932,0.750010704947,1.0,0.604275582117,0.174517747265,0.166341987071,0.120981120451,0.387845873959,0.858814511657
0.442541178537,0.741503167879,1.0,0.573240608076,0.362780892196,0.799025152813,0.654221421323,0.147764642358,0.110469078682,0.362798348952,0.766599579113,0.596933724295
0.723261999752,0.871041440408,0.686164930127,0.969584277003,0.576191810935,0.764906700317,1.0,0.216051537121,0.236743118147,0.692493354739,0.66218535517,0.582426533889
0.365100807361,0.692107616816,0.24375509763,0.34316608169,0.256440006298,0.81909849733,1.0,0.232755757744,0.177661384833,0.406775095273,0.351909804051,0.0942601305292
0.255751796031,0.357042027802,0.631547064964,1.0,0.563203482683,0.731461497186,0.544022053763,0.156034890525,0.158345810601,0.538885236658,0.381570827773,0.190559332607
0.570922073727,0.793751091599,1.0,0.658331363933,0.477682711522,0.433553190777,0.233798842695,0.0834436052818,0.129128299097,0.582168338459,0.254811010241,0.151182997097
0.314791077244,0.204416541668,0.153764466738,0.27300379625,0.830899828129,1.0,0.135957628805,0.0838166865295,0.164882744239,0.328108461538,0.247069512958,0.146313540871
0.412043892229,0.366569318545,0.233742410214,0.336308777613,0.781411573945,1.0,0.126093042633,0.0762476462962,0.139198381664,0.514343598924,0.388953094348,0.102044407736
0.759788515509,0.926959820985,0.54233249612,1.0,0.999797784268,0.919219487594,0.306764684299,0.237897217567,0.336263907058,0.709780257617,0.429317294608,0.247072943985
0.948621982718,1.0,0.629933075844,0.859029485302,0.644684573955,0.40439739484,0.520648452586,0.56805372516,0.402749806295,0.362381113609,0.429450531938,0.411642778796
0.360536885621,0.338603209966,0.383982611886,1.0,0.713662978339,0.189432862433,0.750099967622,0.493216126591,0.0911375615523,0.0776182053327,0.520309386605,0.394191610124
0.388481258622,0.553235429424,0.353010225159,0.947733353919,0.674232963932,0.232815360632,0.906683047872,0.623168394288,0.070552599501,0.129086487522,1.0,0.461188966567
0.449278173111,0.340998918,0.502697712204,1.0,0.808241090194,0.304940719874,0.654012530369,0.326136588424,0.108512361034,0.111996064136,0.443378301811,0.322461251885
1.0,0.954992326331,0.950120493329,0.623183726824,0.3661811576,0.294770608853,0.607100503497,0.542585353505,0.460358722278,0.291772302944,0.349030409376,0.331863118635
0.231688337583,0.355402465344,0.79568219129,0.849788737188,0.600533847924,0.838795367389,0.77504802751,0.505757223201,0.719200080569,0.746783827172,1.0,0.598557602549
0.319208918685,0.420679124284,0.310532464728,0.452310849407,0.539521189193,1.0,0.448244176801,0.0492149067851,0.024597647584,0.0394624280078,0.249583691564,0.271273054772
0.278983161741,0.176423951495,0.293129835911,0.900236963062,0.706545179481,0.892604664481,0.822986008146,0.187939935185,0.150041380507,0.145252257352,0.496077863811,1.0
0.226095005753,0.584864486719,1.0,0.705692247067,0.460499021151,0.763709807317,0.845685764177,0.134067325179,0.0748561621946,0.127987596843,0.72591925959,0.355512926815
0.604100563019,1.0,0.384357076793,0.658866209968,0.267621477673,0.737419467225,0.877782159247,0.108452580016,0.0965272658997,0.196856111217,0.228913653656,0.109385657616
0.545209868864,0.786749295919,0.668046945195,0.664227502118,0.493506690824,1.0,0.989199053192,0.137355805034,0.0984778032609,0.618290305261,0.599979904642,0.176434515778
0.202480246533,0.190606990652,0.52703280705,0.733739473988,1.0,0.695123256844,0.454393036019,0.169409936622,0.130549840613,0.478759885267,0.395584274723,0.25549436197
1.0,0.729675343525,0.609923635613,0.932850837474,0.415530095497,0.405260743001,0.192682041133,0.109270387005,0.104227827356,0.361636028987,0.245782500605,0.300466293181
0.853387039067,0.842615044522,1.0,0.853324696426,0.694435651363,0.573344597485,0.224543028689,0.189467627369,0.170472351756,0.410406817599,0.208208142682,0.347479555261
0.823355330886,1.0,0.552391997843,0.398634271071,0.860533657059,0.82888490852,0.461720539574,0.453425170224,0.301965707497,0.285569105559,0.383296395391,0.607658536845
1.0,0.265601192911,0.203771720153,0.276681881845,0.38388202879,0.311154033206,0.177844488798,0.283942025628,0.194774004354,0.321238224169,0.621832841568,0.633368293163
1.0,0.914998658731,0.642146158529,0.421376313587,0.222670906772,0.79144260502,0.36262308898,0.0932051111444,0.0898177102582,0.127794494932,0.0671548382058,0.200755813416
0.691560315993,0.363983823508,0.174774047257,0.275769652257,0.416597158122,0.955283141974,0.512686106003,0.214835567219,0.364661852866,1.0,0.843610311251,0.208651142213
0.650143583289,0.587011692525,0.399919146117,0.375038977541,0.271407192194,1.0,0.536443247675,0.125340057639,0.149736336797,0.617432074885,0.943914123153,0.843735105223
1.0,0.552077348925,0.296830213992,0.413076123846,0.349173316358,0.576451749854,0.419117758801,0.360034530925,0.242706591743,0.239504145806,0.791819935006,0.888672321306
0.526211218612,0.582653520074,0.647244835013,0.652488761669,0.759217950347,0.547304293943,0.385195318769,0.58585435239,0.635672321039,1.0,0.455113714143,0.314259361753
0.460328172003,0.264639920486,0.192219665438,0.319624005027,0.810551885509,0.455268141594,0.161812415042,0.51455697326,0.539776402867,1.0,0.848168527695,0.410029600371
0.680352437176,0.727488193678,0.848481198574,0.633572809935,0.850003660419,1.0,0.122193521622,0.206672678635,0.281065098258,0.522068029341,0.346970185716,0.179783849742
1.0,0.830376632847,0.789069273771,0.885437588537,0.215318643927,0.578891565559,0.287293421031,0.231697074347,0.160747054231,0.505353760656,0.456910181495,0.094089892719
0.764994141724,0.49064279098,0.325201859238,0.27429314196,0.308668294283,0.297192284033,0.174600737591,1.0,0.624279185735,0.0725092649281,0.101777846995,0.204303715299
0.258067767196,0.208352794791,0.679475748964,0.996236604709,0.240795804612,0.441169813112,0.35895540603,0.53942405053,0.571747843959,0.579484865071,1.0,0.387657982046
0.260589252434,0.35431206591,0.778679933003,1.0,0.169135844824,0.418658560702,0.412420753022,0.584231575108,0.586608932403,0.162887371975,0.310273878253,0.226662199107
0.348147013964,0.420166568903,0.709114589242,1.0,0.398954941336,0.448492732442,0.380191219972,0.692225995312,0.713688278646,0.199547049437,0.351515060602,0.43243882497
0.291596164686,0.473672831988,0.723048459338,0.565098643789,0.154307000039,0.204642246443,0.257095551252,1.0,0.50527501321,0.166011851828,0.324123692889,0.207738819527
0.254654567427,0.29516218133,1.0,0.673205016522,0.303490313354,0.583107951897,0.44648333779,0.887401027445,0.845881182562,0.588392977,0.671018667976,0.341913952653
0.78350138807,0.757822834104,0.772609300375,0.69211789974,0.600144395807,0.843015552019,0.563832387579,0.510212897412,0.613445143426,0.897599364938,1.0,0.702556184017
0.293388919952,0.219145753144,0.162338168362,0.141141663628,0.234321251165,0.347555679808,0.154577245655,0.450174938887,0.340286298502,1.0,0.720846067825,0.116461796524
0.287080060923,0.304851800303,0.249097008628,0.257235157216,0.357889785748,0.54720441632,0.40323644069,0.324628565238,0.337340345913,1.0,0.607209093921,0.161957924521
0.445630591674,0.298427222812,0.139870455717,0.205075014443,0.23183768407,0.676289060723,0.449329070891,0.185138551679,0.352790556341,1.0,0.587198577391,0.186039123844
0.753871133129,0.626372995375,0.341130083206,0.307544353055,0.23707403426,0.555066697164,0.313479709814,0.131560332588,0.156842846296,0.654301219011,0.818575539697,1.0
0.889896735689,0.622463879085,0.353091072433,0.498978452641,0.310634849465,0.548600712538,0.484964226509,0.292093783145,0.23756927574,0.187376367674,0.781141119414,1.0
0.971375599014,0.9138787262,0.890827487544,0.859540316561,0.96923414936,0.761195660145,0.578528499711,0.733876719077,0.551901100927,0.631099725021,1.0,0.76236010026
0.638858053943,0.383151256515,0.268509021483,0.679331630952,0.971128835764,0.693685291662,0.198424543092,0.776082398576,1.0,0.873806862689,0.71270231783,0.859918692413
0.634531613161,0.541552382274,1.0,0.993405322805,0.857904315551,0.715863566783,0.183216322515,0.295872160784,0.411677938283,0.847859510364,0.551565468717,0.454818342195
0.965457472917,1.0,0.845386755426,0.850576156741,0.686283729378,0.779405650964,0.412225398018,0.216969604186,0.473489740965,0.647458780008,0.361620005715,0.218647750672
0.894903673713,0.61941547176,0.350456925784,0.275924114717,0.284716646465,0.30470243075,0.251496976617,1.0,0.663836342231,0.137805946034,0.126118993314,0.275384172205
0.234661655358,0.230465842974,0.728435676936,0.683624639989,0.225300738695,0.632113875373,0.535607710334,0.61753842677,0.690090334021,0.637596122792,1.0,0.578034836323
0.309199933368,0.454562838825,0.956887500423,0.77063595297,0.21897332615,0.626021422443,0.442205231244,1.0,0.788128699088,0.204832559207,0.349034132218,0.326133584116
0.440515389438,0.566237970371,1.0,0.982636960673,0.437122975028,0.802015766526,0.501158973955,0.601317055467,0.664021835025,0.274705453795,0.489794661545,0.502872515385
0.308415060347,0.470317296916,0.789010704419,0.615067497184,0.158241783005,0.279109311455,0.215758344141,1.0,0.982514994481,0.25155137314,0.363031454226,0.248068998135
0.360917424339,0.429559206461,0.916297843901,0.729128523977,0.357083526073,0.589463124266,0.610414799429,1.0,0.840824192687,0.704984440781,0.942593839332,0.466518543526
0.831671270026,0.915052805212,0.785098459772,0.824970318003,0.697220170715,0.857996556725,0.576471654491,0.625474725583,0.716475662338,0.942300395701,1.0,0.700595529837
0.363295230646,0.257894954697,0.110751970754,0.117188805597,0.283219353367,0.329316515655,0.0977214229842,0.363359085675,0.302248029246,1.0,0.678777887143,0.187683484345
0.234397131741,0.31298441868,0.237744386681,1.0,0.714502002701,0.14970785618,0.0949374050664,0.136980835624,0.110914512076,0.389282897498,0.336007927379,0.138241389772
0.397133479576,0.671513157409,0.567279576492,1.0,0.58581927771,0.237730935815,0.357959798329,0.317021908209,0.128127090282,0.191260469247,0.368979799802,0.247218037271
0.265034459367,0.336490525591,0.352281534689,1.0,0.530672239006,0.220302504908,0.331612239496,0.342677280372,0.11228193077,0.102070303965,0.351595360047,0.418416588648
0.304348052466,0.200684965358,0.238539854687,1.0,0.841973544507,0.373308207449,0.427074237893,0.404404822075,0.443602676499,0.174471907235,0.601367128161,0.673548396377
0.536560262817,0.51410559863,0.922664568451,0.965385687938,1.0,0.286293665253,0.538054051176,0.262933836207,0.21125082663,0.173011072221,0.396298307833,0.418592873149
0.179044149108,0.159714163733,0.424021639749,0.558488651761,0.323460514567,0.521923840852,0.439130765401,0.209039402636,0.194766668964,0.156714400569,1.0,0.77736462432
0.524699392626,0.709844474359,0.471007029643,0.440800380991,0.501361562108,1.0,0.914588002953,0.127438888586,0.11296458476,0.129668413939,0.496638274612,0.592562194262
0.336591786873,0.280192121248,0.379409445264,0.501654855778,0.419508986711,1.0,0.799381338774,0.255639146405,0.41687366599,0.771805914728,0.986772425141,0.882023644502
0.285660294628,0.396634591555,0.673643949714,1.0,0.323326585041,0.731296716091,0.740391789853,0.279156966852,0.241920093056,0.152149347841,0.334642209645,0.331297421148
0.452740283794,0.744405362752,0.280032094904,0.495012554935,0.248773897244,1.0,0.721327153753,0.104087794816,0.0920783358246,0.225097651745,0.186011424019,0.0932375700195
0.536209843673,0.553526281726,0.283580293458,0.32606260191,0.299505770083,1.0,0.676492157494,0.23086971522,0.119418195855,0.737623100289,0.632147827608,0.0828003376538
0.27294857355,0.220342021778,0.380947314904,0.667661439225,0.591745982469,1.0,0.558923717229,0.16951196592,0.281085857431,0.570317074811,0.385061615607,0.893968515593
0.665767552236,0.686447655623,0.484697763499,1.0,0.818596915668,0.594028603892,0.114206882925,0.0622096298258,0.0784976074326,0.196884181115,0.157151148191,0.20969205052
0.60999652039,0.324564718653,0.180306415522,0.319224676607,1.0,0.864066512178,0.164591099806,0.144241319991,0.288043947634,0.332015821066,0.195934403714,0.331142348561
0.248862733413,0.186249716173,0.273757701573,0.32052158179,1.0,0.822795537599,0.15519918743,0.118816638856,0.166814551413,0.859971351097,0.479385413914,0.204463717612
0.320836646539,0.459730747951,0.354090105436,0.510168742365,1.0,0.426828916778,0.222749844634,0.181623719548,0.169843226946,0.203137095905,0.160552094001,0.162680235398
0.221069261034,0.596964479581,0.774739134381,1.0,0.551056935451,0.202763854616,0.0821146768684,0.0608932650855,0.0366898416872,0.0671270680675,0.0842251022946,0.0887018482564
0.343732370111,0.307706297307,0.224514393996,1.0,0.573670916312,0.228677705232,0.288336772592,0.250265095641,0.107307759553,0.0804315455945,0.213273654837,0.207654072
0.499754762083,0.654109426915,0.357963671315,1.0,0.926843959462,0.174403087768,0.440583282272,0.321801503571,0.0907911647797,0.0491819364409,0.561869835154,0.49234947604
0.305320973432,0.213609419777,0.190700370193,0.815619112704,1.0,0.374074459376,0.339885196084,0.205525566157,0.121878748551,0.107606710386,0.238852679746,0.432650483687
0.525564823671,0.678604893172,0.754317911765,1.0,0.633747596604,0.244320391428,0.231743584731,0.193962272611,0.0691326677208,0.116474152066,0.391080306021,0.41846329136
0.344766666026,0.171538683856,0.534426359978,0.742503905345,0.358701332626,0.784316431001,0.55732448067,0.123624332666,0.133954268926,0.228883114561,0.94879559997,1.0
0.557057230641,0.68306388532,0.450857577975,0.57992035207,0.655529548035,1.0,0.597692672785,0.0954355469121,0.0776841538711,0.126405802039,0.380911246595,0.720668314184
0.345006495972,0.252829677517,0.284300373041,0.40956834255,0.415668199306,0.896663945222,0.66104755821,0.148153614193,0.125563043776,0.136962878236,0.339104319513,1.0
0.373438821458,0.765698970303,1.0,0.876505015747,0.50901075906,0.913138739122,0.728737697937,0.128504427216,0.107880386555,0.211049295033,0.601861401192,0.576597797236
0.755238002012,1.0,0.377097892937,0.715497978692,0.31738910272,0.867753340128,0.47032957375,0.134604619936,0.187181556155,0.728341926667,0.735485494436,0.148540745869
0.363884080172,0.419724157519,0.308519395865,0.360118707369,0.193220527458,1.0,0.67459363383,0.154289902816,0.130993661661,0.839875661253,0.710090888339,0.0661004806744
0.390417528954,0.193901097423,0.507115926618,0.922661420884,0.594209689754,1.0,0.504431443406,0.34443657254,0.304476951371,0.324467621274,0.504917857733,0.522670049888
0.947968395313,0.967188018696,1.0,0.426939597174,0.293230310283,0.340821414808,0.296450517492,0.157193394129,0.215868706333,0.268637206057,0.158616232286,0.398708528606
0.92779810794,0.838393517958,0.955323432616,1.0,0.457624471963,0.816156112907,0.821392746906,0.227979739479,0.194420990092,0.314185662923,0.171745477028,0.423497746439
0.615,0.818,0.992,1.0,0.825,0.785,0.717,0.63,0.551,0.48,0.491,0.514
0.324412776093,0.340477252742,0.308846005884,0.411377008535,1.0,0.396303781948,0.259732173212,0.198571132631,0.179833823893,0.148957229975,0.144028163504,0.210493560019
0.762123306681,0.727203157703,0.291826741476,0.187311801201,0.299799668646,1.0,0.586377779673,0.110194428755,0.0837040443136,0.15258571543,0.0996933559965,0.157272764321
0.475950783914,0.327008963167,0.135040352592,0.238247509764,0.251725793956,1.0,0.75787337098,0.166814566572,0.223205541326,0.905505162755,0.87406725663,0.238890047763
0.799453604804,0.577221894751,0.342852349927,0.232642972285,0.140731677319,0.882172706497,0.477813346465,0.112642549404,0.105602165751,0.356570356446,1.0,0.88902524025
1.0,0.484394328975,0.463382054404,0.494322028642,0.303936824395,0.516095421315,0.386593024316,0.30616280578,0.227222807874,0.308084906238,0.89411963858,0.837400780728
0.755385616377,0.78993151669,0.88857346622,0.839470957517,0.908128732611,0.60019941547,0.436158472689,0.564078395183,0.47521759467,0.890054666059,1.0,0.591443749712
0.481766987669,0.292507020339,0.139565846118,0.268146540678,0.717211089385,0.344162837559,0.113855425574,0.404253493667,0.391592904794,1.0,0.995687744009,0.363531725806
0.582444438592,0.427507271136,0.671957001571,0.631489461419,0.808687099099,0.945515556992,0.155370273509,0.435128409483,0.479992592149,1.0,0.93142004636,0.233391456009
1.0,0.953463436519,0.613458942897,0.460785742968,0.321840000249,0.492894871461,0.125211404021,0.244392154122,0.207356169935,0.163246475536,0.131683367332,0.150370986343
0.837365640853,0.763300035362,0.538321571733,0.324145845874,0.602437756429,0.527765189245,0.287859296529,1.0,0.602617949824,0.133656149451,0.145203904981,0.396154115636
0.247033434616,0.241481533902,0.971943860081,0.804913936253,0.279178726746,0.649618276869,0.492820862023,0.757255109137,0.719586666333,0.801396326471,1.0,0.394401703879
0.264046001515,0.372464847167,0.951612902715,1.0,0.246022357601,0.523808394359,0.339092520014,0.791674580772,0.562683325909,0.137612079935,0.280043716678,0.260356474564
0.330966435924,0.441708171573,0.75274512144,1.0,0.340667080347,0.615461976211,0.464690865923,0.555048411643,0.499706550668,0.240732989257,0.471239610418,0.452917198196
0.602844618851,0.925592128397,0.984716078028,0.745096734386,0.25894621486,0.338952213206,0.426214551557,1.0,0.590822884368,0.359360013727,0.505152131678,0.28164502581
0.370983334019,0.330314510904,0.67852089036,0.909787324778,0.266696194093,0.637356364443,0.795442776651,0.762543308004,0.908727502872,0.62701966076,1.0,0.503434829501
0.853938628807,0.896215151884,0.586711215931,0.521050961384,0.534133123249,1.0,0.519637206651,0.731416149132,0.964363948312,0.579037026633,0.758719308415,0.529185531047
0.309406187888,0.171764040394,0.158158634155,0.190286344775,0.757675411424,0.940650818596,0.182058523709,0.562187045736,0.377169034134,1.0,0.787596675753,0.187935245056
0.497320794064,0.603326558931,0.733470684904,0.701586156758,0.664938800365,0.841383445423,1.0,0.551546492142,0.502160309693,0.657099229987,0.503564156773,0.345794528932
0.633489078146,0.465314251516,0.180414096054,0.256115799459,0.275295359562,0.935718927106,0.731048780513,0.174621462272,0.247982607345,0.965803959337,1.0,0.306355644719
0.560248722286,0.616204803347,0.309439427948,0.208995723234,0.146972965099,0.539089553502,0.295125737659,0.111019987857,0.110812644243,0.391260159534,1.0,0.759706964691
1.0,0.685928264796,0.321970645039,0.315931699051,0.229048644481,0.48173620621,0.325078948842,0.447036237,0.281322250011,0.565340214838,0.939475349232,0.828493177961
0.395159720302,0.379863926128,0.422366971011,0.426514891853,0.485650870707,0.366,0.243804786297,0.296207060673,0.384343182054,1.0,0.640130126632,0.281236606834
0.736483094542,0.381357542781,0.278913710852,0.623920712635,1.0,0.805380088077,0.189903204548,0.555395119615,0.878543342094,0.876978150781,0.818333638043,0.856544753916
0.699988742467,0.829730758527,1.0,0.720081412377,0.621487680503,0.547442973179,0.135805497357,0.41088053553,0.602000267533,0.860751488294,0.800815947194,0.364848456085
0.983524196197,0.988602944312,0.873505316174,0.666834755408,0.446868325187,0.570234341659,0.261236200165,0.341764092875,0.330154292351,1.0,0.563889003007,0.178853256417
0.991661496348,0.770990978956,0.545967484554,0.47964030396,0.428196756931,0.389826346167,0.28933230807,1.0,0.649862475932,0.182705263445,0.13465364124,0.608262545788
0.272760580337,0.163777686152,0.608229025689,0.839406900739,0.232973187848,0.505467293328,0.438094317262,0.692180572515,0.682958794554,0.676710293707,1.0,0.541586280176
0.324857211517,0.32493505962,1.0,0.728907634698,0.181427458648,0.586835773745,0.346576439747,0.86329189882,0.561573898235,0.212283789462,0.487584658211,0.412188712364
0.228891016017,0.282248130355,0.803148750687,1.0,0.319683252131,0.568833480338,0.517069852714,0.549519596541,0.50336239825,0.222925470736,0.335776811853,0.372209326553
0.453645967689,0.773061555792,1.0,0.831088900089,0.206320876976,0.394274300676,0.322092056598,0.984569254881,0.872770406607,0.315361357114,0.545603756512,0.361217775468
0.417729156353,0.314804459041,0.538094879404,0.642262853885,0.197609104226,0.600451185283,0.600571280513,0.775652919963,0.827427526668,0.548421496963,1.0,0.613581710123
0.491647730684,0.509973709811,0.461224389385,0.364060200087,0.370717312393,0.711618226904,0.453877780815,0.633126125689,0.713881078275,0.532154532885,1.0,0.384870806083
0.356414957914,0.280397588902,0.130774508887,0.128222004889,0.579265609252,0.735383151642,0.091070882062,0.680456113915,0.464702828415,1.0,0.891381625903,0.175974190421
0.290610734683,0.282339983104,0.297074811695,1.0,0.762409756594,0.179929831069,0.235670295887,0.182146917718,0.0839073015017,0.377247001181,0.420719084523,0.13318633215
0.697563867312,0.415920431898,0.268318710664,0.878460901942,0.638497810171,0.240629042878,1.0,0.59964836744,0.101333154855,0.0801555470585,0.529247479149,0.271817308531
0.426230922744,0.531681128371,0.446525476507,1.0,0.77516754372,0.196556824982,0.632584114057,0.445416926567,0.0947524159287,0.0473719211518,0.384255318297,0.394151545378
0.238112376899,0.235262115061,0.245485614201,1.0,0.742432565128,0.485960681962,0.868391996118,0.389970721189,0.372527537991,0.540144729616,0.541023983884,0.287388073311
0.531573964965,0.763419392393,0.989957547663,1.0,0.792117511293,0.341087808179,0.738265485372,0.660305950006,0.199917123018,0.177801652779,0.581625632623,0.572670529019
0.165546359704,0.158697714597,0.789728842974,0.989660444671,0.352191955904,1.0,0.747914848317,0.156234937269,0.127200193257,0.158601686296,0.951033319029,0.800244848184
0.476501534371,0.680487269876,0.677752373365,0.660217575354,0.332980260345,1.0,0.733820060171,0.0750626451602,0.0605336237047,0.146313116599,0.439751136339,0.478546633007
0.234497338424,0.13641232166,0.158809120114,0.323567713349,0.218550265861,1.0,0.804280880822,0.134376081726,0.115648926228,0.196355508946,0.407335144677,0.648439834092
0.637844351024,0.753069455688,1.0,0.788779006194,0.398201795307,0.862440686765,0.813231283715,0.129482241274,0.0931311885919,0.255985044614,0.715577260572,0.372257361589
0.41995172617,0.784686798999,0.943793957767,1.0,0.413001645707,0.838733533412,0.731316681057,0.167740931574,0.162140371984,0.729392993626,0.510914578289,0.14082963716
0.358227612012,0.470629090605,0.516673892073,0.501928085751,0.231791863919,0.910091398307,0.792628731998,0.097065896383,0.0696138214486,1.0,0.854615062078,0.0679307788568
0.120623238378,0.110993851693,0.274993780162,0.510864223882,0.311776622486,0.485652306525,0.364168263622,0.176270460863,0.296263105814,1.0,0.861346882157,0.174231699051
0.616215310988,0.685146399991,0.435041372603,0.427324502179,0.746260464252,1.0,0.473349807716,0.274298229376,0.231055162343,0.536383723313,0.353586788556,0.171814538178
1.0,0.418410555673,0.158720110615,0.361899653651,0.866118233752,0.503073693433,0.173603446757,0.233651863889,0.174257143326,0.977580826181,0.385978934811,0.140877939198
0.610096860512,0.760434836869,0.396986048822,0.454159031569,0.98644658591,0.716645442204,0.120936523696,0.109978460165,0.244410581818,1.0,0.650611606124,0.141632996811
0.874256255421,1.0,0.628729893254,0.573371276754,0.510592312186,0.366863780003,0.198974664387,0.264851994267,0.244245722701,0.336629191766,0.270329408215,0.530916441105
0.245550918593,0.515228771535,0.694112985994,1.0,0.407639930897,0.0930988985657,0.158864633866,0.0986058008523,0.0485463379905,0.337952917945,0.448303703646,0.151213536815
0.944233278714,0.769292799148,0.301868800671,0.879763869457,0.666548153741,0.424992411049,0.682500133011,0.572683858939,0.372884285133,0.510042235841,1.0,0.551787930004
0.336874028034,0.450286167384,0.603533456111,1.0,0.616724728873,0.430744961123,0.447228616738,0.37656765398,0.294979793331,0.239766728055,0.356634515038,0.37268272969
0.344234117485,0.243035486089,0.221308116137,0.827649639617,0.534704862885,0.363161714618,0.57525103366,0.291895061871,0.220246055188,0.599143749005,1.0,0.423843533132
0.696264537081,0.606796745381,0.965628594108,1.0,0.453899377874,0.4748916108,0.952939000527,0.49246753671,0.204769386851,0.198103747692,0.731573561679,0.400361936446
0.17016010585,0.181069596104,0.594760235002,0.999602718984,0.334108194187,1.0,0.889577797847,0.189983337763,0.121010519007,0.144469554327,0.6235051747,0.727835006842
0.512807613159,0.692136358679,0.532451117176,0.579803444364,0.31134408049,0.985650680058,0.936943976323,0.141699718109,0.0659370147367,0.0683826362647,0.710589685724,1.0
0.251316689816,0.178063434604,0.266946186779,0.379349284009,0.217535526376,0.676263600376,0.683733199706,0.188658535705,0.128784604336,0.13995860785,0.497702198985,1.0
0.142105260341,0.299819210348,1.0,0.768959163593,0.0907503728713,0.592280181461,0.459134199517,0.10171805291,0.0885932704704,0.289620706401,0.290679059816,0.0781679856506
0.505671926331,1.0,0.710764937199,0.928163364129,0.234705678846,0.465787329477,0.413974728001,0.0905608115813,0.0861647091399,0.739421624267,0.518799386735,0.107514243711
0.4810655645,0.73401501933,0.571828779822,0.627382206682,0.478218288734,1.0,0.931899611825,0.103839947892,0.0531279676769,0.967688710146,0.774366474782,0.0726757100876
0.319285697271,0.217555988941,0.505644745124,0.903700678825,0.648410112898,0.719804361648,0.654129052957,0.431141886936,0.574183448343,1.0,0.545604043025,0.385263397562
1.0,0.787527103163,0.654574772939,0.725117129625,0.455957366411,0.806695990198,0.659614714015,0.409935415161,0.446379823694,0.403508483187,0.305926340158,0.397345778355
0.755135087732,0.810822925977,1.0,0.750909571868,0.432596888673,0.30039569034,0.194024283585,0.198927238486,0.141096485952,0.269645702977,0.158182413763,0.252868051099
0.583,0.794,1.0,0.998,0.982,0.846,0.637,0.814,0.832,0.491,0.453,0.425
0.276209459634,0.254298551785,0.431540241096,0.683680126647,1.0,0.781852917101,0.324764230702,0.764697779709,0.599219611095,0.238998021032,0.480532775071,0.38788821124
0.281183015942,0.365773466017,0.193635939587,0.473593623762,0.382013752643,0.306519571069,0.213014810539,0.100496297365,1.0,0.638579871119,0.0504931236785,0.0689989421044
0.773189883042,0.598334577991,0.487016678297,0.767830091182,0.739614017158,1.0,0.828979878404,0.50588427749,0.719426762975,0.668231731103,0.257668638283,0.390488912256
0.837180338885,0.921622151336,0.609341221624,1.0,0.954208022807,0.92850977172,0.88668715348,0.674766916088,0.764619883004,0.444140309471,0.232462127818,0.270473836707
0.210467405631,0.282400120147,0.300935510532,0.608007348436,0.581601544125,1.0,0.617478206454,0.14655351543,0.55746095086,0.457354217854,0.291272400577,0.245302223211
0.299709661107,0.254982644175,0.471448743953,0.655712460217,0.390010289894,0.881459917645,1.0,0.128856588761,0.560342685719,0.42645531194,0.402316532841,0.782637085942
0.459903622317,0.281878406927,0.595402365611,0.491749385849,0.193151633912,0.357314731518,0.245880786035,0.0831196834797,0.380924549342,0.366872809526,0.694971684832,1.0
0.766057363383,0.464743987845,0.864976432794,1.0,0.240220034541,0.108142916893,0.205135271351,0.0998261366498,0.329035464682,0.298604760735,0.364293603165,0.915882473061
0.408478141484,0.181005827208,0.432528055941,0.948527281598,0.582346366782,0.21856898559,0.168823527262,0.111893757329,0.335880851229,0.339736853329,0.737955439349,1.0
0.920833095924,1.0,0.5641650256,0.743783644175,0.561737408466,0.263771550248,0.297690835458,0.135820561257,0.639394934669,0.516799326211,0.529972235607,0.892273786312
0.80623192063,0.649254234828,0.359190632538,1.0,0.498174798172,0.80176596552,0.712191062739,0.31738821358,0.587550383646,0.263577644366,0.13050902402,0.288418312608
0.703115869149,0.774183832521,0.552783873371,1.0,0.598656209304,0.687087085963,0.666655871507,0.271734312608,0.460106508038,0.254949928328,0.148677925334,0.35373578503
0.464924759086,0.500637972973,0.443490788454,1.0,0.815451862399,0.852018425039,0.674159476479,0.229043039802,0.669209081026,0.382821909113,0.299640105006,0.391877222294
0.325795920091,0.205964458189,0.454318801771,0.417596735893,0.218980534102,1.0,0.822238259014,0.100202092091,0.489682146332,0.258264902335,0.222268188762,0.49614029995
0.592851836683,0.508143374742,0.975620334345,1.0,0.567984963887,0.796414487895,0.430145559585,0.173646346661,0.577385456976,0.786007628376,0.382400779239,0.929520263669
0.505060209338,0.562066387921,0.841390022767,1.0,0.344177200575,0.239796968284,0.218862866874,0.121619856332,0.206286952863,0.328006987252,0.56279488159,0.622025768693
0.159371759459,0.10339223511,0.479570795843,1.0,0.457745476934,0.270347250246,0.272475890504,0.096643626662,0.251233196674,0.373871308435,0.670857162037,0.600127753128
0.701069285526,0.663461739828,1.0,0.740920413473,0.238572924663,0.273601043225,0.301670345796,0.30846814097,0.220894658129,0.193003018131,0.807258389691,0.815400248218
0.362231349886,0.656106794368,0.950109394156,0.732332590783,0.925033459382,0.68636959638,0.89470210567,1.0,0.905208792483,0.884165540945,0.658543113769,0.414590514469
0.635679498093,0.747152977402,1.0,0.866729990747,0.509028265785,0.43941035066,0.372985888226,0.380775447334,0.568302939557,0.311094755965,0.532092567301,0.709428039284
0.544233035384,0.297241225943,0.42970299137,0.637930016577,0.593478239095,0.706650344474,0.439116451571,1.0,0.640193969118,0.308451666488,0.355178722539,0.623450931136
0.919483071913,0.557872839656,0.457623926324,0.421550760076,0.34331601635,0.481930803119,0.507632897267,0.944421391002,1.0,0.16012187523,0.547689017815,0.980713375994
0.982136022373,0.615725001416,0.683035588992,0.497689709029,0.657231050722,0.444443921139,0.132183087759,0.361929084068,0.423827531273,0.140581280734,0.299004624489,1.0
1.0,0.853231616369,0.341756420263,0.267744456896,0.516196043123,0.496005262954,0.0711703620696,0.140553676726,0.176902855597,0.0429676185325,0.0502333706868,0.42470011206
0.921192180028,0.711506908289,0.487831791507,0.521170440838,0.436561100314,1.0,0.290371538827,0.215007734425,0.213069885656,0.521831383028,0.125720022831,0.202743006004
0.703741397258,1.0,0.711967712099,0.480642115468,0.220205179494,0.301003670476,0.139544078939,0.0580558932872,0.0585716005033,0.106788276783,0.39095043041,0.387369779456
0.426879919031,0.809966443426,1.0,0.566948461173,0.341639516968,0.556178227688,0.30516235503,0.338016912325,0.43383244616,0.425789522892,0.565790762234,0.483640453677
0.607238167446,0.921812400542,1.0,0.752948239294,0.382767596591,0.407914257695,0.299782748408,0.646731721053,0.703845559435,0.27781571158,0.690133239383,0.92268422735
0.508621383624,0.476758637063,0.375563328309,0.678519124151,0.504310296682,0.512044625186,0.47469242297,1.0,0.751976309949,0.230868144144,0.544608754903,0.701258037583
1.0,0.806024126473,0.606890718741,0.429086116262,0.332014764461,0.484605676653,0.40352571426,0.402964536502,0.425984095462,0.188758618507,0.566178003604,0.773995374384
1.0,0.667648179878,0.179095218544,0.225777450538,0.626912837841,0.359897135653,0.0879954125179,0.293252014096,0.156726577654,0.0655422572095,0.0840030583214,0.221572840423
0.585266473039,0.769430388367,0.83971853363,1.0,0.936523081774,0.580404750374,0.475005755153,0.457952201358,0.394357381186,0.32920008036,0.304456065827,0.295192756097
0.0735189784769,0.320750656294,1.0,0.824120287537,0.220055627512,0.0709561172411,0.264290747802,0.148261442482,0.130731277299,0.527605442555,0.145498923097,0.0556577298461
0.293071245384,0.555845821429,1.0,0.921109380526,0.378151579778,0.169255186577,0.346880757887,0.980222439937,0.857512031401,0.465782713455,0.14020192453,0.125000435446
0.641036605082,0.216320328492,0.555877132,0.718474041775,0.231483102724,0.196400518694,0.294921074089,1.0,0.892084724777,0.696688148615,0.797438693854,0.538978722218
1.0,0.746741802466,0.582794013844,0.565939359981,0.261521906149,0.138500486084,0.112827007823,0.567975826029,0.474591970008,0.106629219451,0.135301708031,0.563418972187
1.0,0.77961523884,0.602132071476,0.463653749056,0.395209979252,0.382311672661,0.25372218053,0.669424592613,0.665394766079,0.305682543106,0.349290237389,0.361459041033
0.519804899356,0.383234988254,1.0,0.87867619277,0.32801172085,0.306366735249,0.542115852891,0.516063866718,0.259575987024,0.608002778905,0.570817670829,0.634705177736
0.843349213406,0.29606842234,0.34759710355,0.461186881877,0.190874240738,0.229001800122,0.715822083403,0.633834865213,0.190152164924,0.73068386698,0.901726409994,1.0
0.707137852183,0.401893184697,0.553497995499,0.481748639489,0.651155019655,0.925676062514,1.0,0.954800022673,0.190525347573,0.254540013085,0.410582701677,0.45293623155
0.397936265026,0.358511418702,1.0,0.650469435513,0.66445594773,0.414131844549,0.43503264699,0.883006690077,0.37271955454,0.343960561993,0.179787931788,0.261378661961
0.324357295051,0.477257923114,0.614970556539,0.593994447769,0.269123219134,0.142715655664,0.474369869516,0.357313119797,0.128520417906,0.899968438697,1.0,0.291417410747
0.345637353676,0.22054139537,0.12306892836,0.220527368743,0.451725990308,0.424065643117,0.130259446299,0.513957427712,0.4932162432,0.789249457072,1.0,0.334691902535
0.399407965334,0.419663091053,0.262999620693,0.290953020938,1.0,0.696098886218,0.170363562527,0.646547555727,0.628782377418,0.637159267448,0.705207113891,0.258131961378
0.388926966299,0.226789959712,0.148418116533,0.368375667711,1.0,0.354076115114,0.224264981252,0.600040680021,0.287324147023,0.756971039837,0.529775496204,0.234445084352
0.477128993346,0.432652065333,0.293897069076,0.301443597376,0.454287757122,0.334471513504,0.123606434618,0.193654862954,0.216341527511,1.0,0.600631787338,0.131609941345
0.324071237011,0.243583216973,0.184581954898,0.313172577311,0.447969611463,0.309566885621,0.166002846231,0.28098616778,0.33722597015,0.873673150692,1.0,0.25839699327
0.989936022849,0.50314249844,0.553914024028,0.385998887407,0.407821457768,0.278628156526,0.480931622617,0.765784607544,0.463381183035,0.832126877324,0.618779667732,1.0
0.941132851346,0.161381439856,0.388397815657,0.34229861555,0.170928006637,0.127974286423,0.525848770257,0.653184929144,0.113138869223,0.448495976633,0.287427852237,1.0
0.681339342884,0.650553321077,1.0,0.992584334467,0.718149159741,0.596437923097,0.637975843834,0.814911619018,0.606819674661,0.484819449617,0.541559249404,0.602803402369
0.702938726493,0.298300304133,0.542014293704,0.642883383156,0.219156668539,0.17011824582,0.279067179074,0.938206418902,0.835121810727,0.583775841606,1.0,0.701334362938
1.0,0.783764797198,0.656729987314,0.526715605734,0.292893367656,0.14254626119,0.15786768269,0.669359597193,0.485406950073,0.0977501955762,0.117234727894,0.553710030857
0.904483323882,1.0,0.612560739279,0.455341302144,0.35348338772,0.378119440536,0.223597236389,0.775347817112,0.707708030119,0.246557218986,0.289661343822,0.284105096861
0.684062549719,0.487335637164,1.0,0.984983239613,0.368439131518,0.332248146879,0.489873444699,0.389797263806,0.248280874231,0.539816577234,0.562980890102,0.513953149515
0.910964394011,0.283362210211,0.372046361606,0.457686402134,0.188207333301,0.191601701557,0.638170011556,0.418911867701,0.173535653572,0.678359487583,0.958520302856,1.0
0.801038417307,0.628506929676,0.689741745536,0.450449786609,0.771310426006,0.818212994009,1.0,0.745244119084,0.22302797587,0.371665499394,0.418356379114,0.750708731594
0.348630034718,0.523204015022,0.796555865731,0.592792093175,0.818556748407,0.736937779185,0.556963241708,1.0,0.615160996978,0.24001676104,0.183690492619,0.341559948033
0.175325055232,0.502440793065,0.657709089734,0.511595269035,0.230537524294,0.185647937178,0.277481533938,0.301801539397,0.097368009241,1.0,0.883541863708,0.0832446823028
0.274047405496,0.185185982657,0.144921475381,0.196618375362,0.480567337506,0.31344712192,0.19454670447,0.434338177262,0.348017877495,0.935388325512,1.0,0.2930446748
0.522380525022,0.538381534331,0.285751905136,0.288310915814,0.962648243759,1.0,0.449562891522,0.663971114697,0.523802406118,0.883580333708,0.790594841469,0.214397828377
0.577618954717,0.513308985193,0.582110093896,0.900614800932,0.925193483558,0.729357931664,0.385500722776,0.69434880981,0.51150720438,1.0,0.752363684323,0.469726172263
0.563194551386,0.550933146216,0.377348014404,0.337138514622,0.753968365408,0.613408515811,0.194647640753,0.313433480106,0.422971938153,1.0,0.759267270094,0.433041312986
0.325737837793,0.276751374542,0.258154616972,0.320881378235,0.72923386761,0.288937046069,0.16242403193,0.408989516327,0.38352875387,1.0,0.731611804115,0.38322761809
0.8193435321,0.783880238741,0.786046953497,0.614915216287,0.42958204305,0.363990521122,0.911662543407,1.0,0.465254546019,0.735721549388,0.506352333012,0.631659861946
1.0,0.179720841044,0.491282755643,0.615453032388,0.180904889472,0.172701591694,0.553606341122,0.794092261401,0.147964963965,0.581284887366,0.482119843063,0.982400824193
0.669252460664,0.664092383101,0.980250375546,1.0,0.774396060229,0.735471114972,0.767219091508,0.751901422485,0.633032486804,0.476272927446,0.574283254017,0.657629370619
0.484054258187,0.225028862454,0.562887216069,0.61269717607,0.194530223817,0.144823068526,0.270058634895,0.799475361187,0.639087894695,0.544253250985,1.0,0.562262208655
0.720344585226,1.0,0.461235979963,0.343544506766,0.247174535657,0.17842708903,0.182399083477,0.424048481163,0.394434790294,0.191149698707,0.305026957115,0.149947167427
0.687590323271,0.967665122262,1.0,0.707146400294,0.333018469661,0.358805805382,0.26813540818,0.437898482926,0.465446566625,0.233027290657,0.215186754736,0.214902768964
0.757679819233,0.778324459761,1.0,0.976835542658,0.707615996188,0.622805742761,0.738403416275,0.53817849042,0.478507152832,0.631460152867,0.664479027577,0.693214394702
0.793466980343,0.311794855123,0.311236587638,0.317360080091,0.194315188541,0.20546293508,0.692834725296,0.341100932538,0.194909836061,0.576308003703,0.812994467956,1.0
0.665470990532,0.393610715412,0.549027076977,0.448005994112,0.60266161719,0.573619744806,0.85867493854,1.0,0.299753079993,0.454890905285,0.443961127635,0.797934001495
0.588360066919,0.77383116542,1.0,0.921516097593,0.829016837905,0.610694773323,0.584644911035,0.759586125985,0.363044203212,0.468715588333,0.255395307136,0.397985665808
0.487632744973,0.916345349746,0.833487857997,0.799806040471,0.364197896301,0.183982482147,0.657738308938,0.444344717599,0.405771086272,0.982013510548,1.0,0.304470712067
0.448823835536,0.295663735748,0.171092145986,0.234415215544,0.496546511005,0.366287884165,0.11327183566,0.405342907329,0.398991158148,0.838869615407,1.0,0.319525274083
0.395005503444,0.372940825847,0.209552876035,0.172655815702,0.699643642403,1.0,0.190015989992,0.767101647994,0.453790087674,0.781065436494,0.739170041031,0.186353689145
0.39438500447,0.294751151268,0.160484643087,0.268552263473,0.691714273596,1.0,0.412557798283,0.455456329185,0.340581735766,0.756743838169,0.589779425422,0.249456285262
0.539862494295,0.414611922906,0.287355454833,0.289570414802,0.531389589345,0.425129498192,0.127180889281,0.217582193737,0.257878173912,1.0,0.699747869987,0.379541430708
0.366509362362,0.30434142444,0.323451541043,0.285193352309,0.723391615121,0.294951076163,0.202002470877,0.312262115322,0.470790841673,0.749233886416,1.0,0.318404430104
1.0,0.5456780933,0.529166937376,0.323584286362,0.302749457084,0.27200729719,0.40398987682,0.678942116103,0.503134077323,0.635592346503,0.665419369354,0.721460718834
0.581886540604,0.118986341787,0.351363073504,0.296964373372,0.124198159869,0.10258323126,0.41888161958,0.532629538408,0.0973726365559,0.216553759563,0.228170503855,1.0
0.560789334904,0.646028903911,0.952272508742,0.945446783123,0.733080525638,0.64763506188,0.701833979453,1.0,0.590281763935,0.445188300304,0.566605195282,0.625421594141
0.542459675239,0.226755529389,0.439906876823,0.533391890274,0.17821514497,0.155952308803,0.250085147293,0.74887700506,0.556393560667,0.482701276899,1.0,0.66187747208
1.0,0.693771628295,0.52501061099,0.548753557929,0.254086353922,0.124638917836,0.111030459869,0.429467782819,0.47988741134,0.111529830101,0.128542654399,0.403214873538
1.0,0.807167400848,0.839618215679,0.790487750848,0.496265139783,0.331627118335,0.49082624108,0.707103500286,0.65067034501,0.556492550816,0.328336824959,0.289457088933
0.759279461807,0.588005030791,1.0,0.832556662087,0.59396763846,0.494236935887,0.752525199116,0.608672453052,0.417664816876,0.619196396932,0.435611890771,0.571983408702
0.952877640386,0.295787254355,0.610459348858,0.955521571497,0.352872311684,0.275861562776,0.856858073777,0.752872479323,0.220569796883,0.929443463404,0.953471495793,1.0
0.914719825357,0.603743211297,0.508103233003,0.586348843926,0.914621377857,0.778070516778,1.0,0.897314366757,0.284290946559,0.356135214238,0.377481967433,0.873996524882
0.523914170245,0.203589025727,1.0,0.703995562119,0.99338748468,0.757280904724,0.35181521643,0.842590399828,0.35484880185,0.221637308055,0.18847676681,0.539013950301
0.365437071442,0.707871719126,0.63804890475,0.54433908846,0.352033318474,0.239490024304,0.548035015674,0.373145778078,0.1394505908,1.0,0.78995845694,0.187305801044
0.602525085469,0.366674027227,0.23301569054,0.509906577462,1.0,0.652607145014,0.22572706321,0.492444094529,0.514224911222,0.964999870353,0.976411574127,0.389979949757
0.407810117075,0.372985708026,0.249761700347,0.24107371466,0.717535809199,0.989522135909,0.233189761678,0.517965761577,0.356083408598,1.0,0.799993235809,0.154269203849
0.379828529811,0.489244765418,0.63941356384,0.983550359989,0.791131861151,0.648889364507,0.365385968785,0.556108218442,0.458372804997,1.0,0.852933623268,0.285312798812
0.739683940989,0.714214661233,0.491725059947,0.542261928562,0.731598798864,0.574921287924,0.208665607828,0.391085856812,0.42547067058,0.878244389606,1.0,0.56876136409
0.373773190155,0.283112605896,0.258779894106,0.343057477701,0.617081325883,0.386096235586,0.148762286089,0.314155237074,0.356386884914,0.979866567607,1.0,0.314902660777
1.0,0.368760835492,0.433823275331,0.307882313384,0.251450530285,0.195494235669,0.279798546281,0.714331658889,0.471450882228,0.686281271545,0.473613977317,0.804345502305
0.835438375295,0.155113872478,0.379444502658,0.336930118434,0.153181494101,0.117596931253,0.494956791191,0.652290747385,0.168218993334,0.445335758987,0.389155687757,1.0
0.660702626252,0.681413332596,1.0,0.961852799174,0.767174243758,0.691963861334,0.753935681175,0.849069438784,0.810992839846,0.619831863887,0.600349043679,0.736647530727
0.548249978304,0.199583709703,0.601427228047,0.544447539478,0.20685794909,0.208879400188,0.356594599686,1.0,0.616761646618,0.434655299204,0.667396941661,0.876038205286
1.0,0.563816957066,0.474260716787,0.523210447337,0.285119295879,0.134494480312,0.241250864234,0.455548184551,0.308977829178,0.107091855417,0.135666028767,0.470805996892
0.790097126116,0.695425143654,0.96696849033,1.0,0.605851003461,0.425530407383,0.235592296406,0.490270049789,0.388644562945,0.516153570076,0.289254046305,0.25731301206
0.924122033682,0.348033952414,0.743632831441,0.819585378646,0.176302220978,0.125863682081,0.336752008644,0.36869121254,0.117755998527,0.334054986345,0.320237542407,1.0
0.754861516356,0.437184219001,0.46402488451,0.394477996543,0.270573657331,0.436603266068,0.997439083878,0.626571549455,0.214245500564,0.703363685128,0.829019990349,1.0
0.583123589772,0.300091829511,0.730050807762,0.620786520763,0.862684501051,0.901708323958,0.855548665622,1.0,0.234110652711,0.310727089574,0.344358262735,0.628451694916
0.718140754129,0.765256338831,0.89147020415,0.786748160088,1.0,0.759505312633,0.579441019035,0.883308252923,0.63136400701,0.503019285997,0.37679508304,0.572893685346
0.390353880217,0.719974462441,1.0,0.777887486627,0.308087382415,0.251642632561,0.631973353212,0.584786872092,0.142404424836,0.902009718222,0.905845842594,0.286856941153
0.337255008093,0.247022147193,0.134943664236,0.206879478131,0.483737967955,0.448883667954,0.148457103169,0.403347159334,0.341311850262,0.911663326364,1.0,0.25597013501
0.491793474348,0.494317157165,0.310050900106,0.363435051124,1.0,0.709753267865,0.292697020774,0.657167344094,0.488134180556,0.561058982469,0.5515624742,0.234585283609
0.342704921157,0.381104128342,0.385102614884,1.0,0.942123679766,0.608537041165,0.272294813021,0.590526674586,0.490596945151,0.681824062918,0.843673760048,0.235559199993
0.576284255449,0.501972116211,0.318841816032,0.365022414331,0.465911913044,0.450864057335,0.168021843016,0.374299737665,0.275794984722,1.0,0.818738230634,0.265747018939
0.424454940797,0.337257432539,0.287605043367,0.429394452348,0.872394145307,0.323319536082,0.204098071111,0.758156197236,0.683714770763,1.0,0.912918769206,0.323551985387
1.0,0.505756931132,0.383191658935,0.313753316029,0.256342397279,0.237889271531,0.330314580509,0.938448848583,0.744743106387,0.671136032191,0.492575769051,0.96531464279
0.823737887086,0.164933289748,0.387962400045,0.363824765681,0.172601494931,0.119230860765,0.436038660818,0.613889737833,0.385301302778,0.444239254335,0.289757388901,1.0
0.466254464066,0.46488054574,0.758098381455,0.674050249505,0.525158017003,0.484522732451,0.500343825806,1.0,0.804243143632,0.427121388652,0.42469722082,0.469050432669
0.552026143975,0.225736734475,0.935333200132,1.0,0.293457721263,0.27553298933,0.412169871874,0.97043038619,0.865668763259,0.350166967945,0.474164754973,0.627755803052
1.0,0.966357502256,0.813288049743,0.741243183693,0.26538496501,0.163591263884,0.20760555582,0.620148865101,0.504342779303,0.0948126960807,0.135596671422,0.415122205149
0.815260735332,0.750727422353,1.0,0.78054857388,0.349441352677,0.33265912933,0.354713318529,0.741629489811,0.729054056288,0.296948196132,0.22422940638,0.222785229445
0.468024209286,0.602533308549,1.0,0.957676591806,0.634287056663,0.574907910339,0.68848040576,0.54885978262,0.438699904508,0.666986880314,0.693329765462,0.56279516211
0.633241536994,0.22418788545,0.575022045517,0.545740948294,0.179713747996,0.232483634205,0.649996788563,0.433672254057,0.181934578038,1.0,0.945797181661,0.803305084764
0.800926429944,0.43996821014,0.99992441768,0.714680432225,0.797803584112,0.79025907126,1.0,0.92106054795,0.272773473197,0.501481144028,0.461495756088,0.872415956347
0.150822914339,0.175705917371,1.0,0.707162311792,0.564118419317,0.570386533893,0.339240637893,0.402671014484,0.12436654923,0.189493764864,0.162584578936,0.163702586819
0.237870936419,0.4524920991,0.686105154095,0.458205424205,0.272891111195,0.238496791554,0.374452655856,0.365171190099,0.163918644758,0.859957998702,1.0,0.225497770834
0.467719047876,0.332025663858,0.287161977383,0.488361852901,0.978553965662,0.80425619234,0.352717176919,0.594237906131,0.475932362872,0.859453748964,1.0,0.421666315578
0.351761298757,0.292548200932,0.17810394901,0.164845174858,0.690700106798,0.559412878712,0.207474195414,0.534902150027,0.291474988259,1.0,0.83567179568,0.172414088145
0.410126994153,0.401410233599,0.645656596005,0.9908543871,0.834882027926,0.537787783367,0.3213497716,0.497716305341,0.424421779568,1.0,0.692597101758,0.382365585475
0.723542685104,0.7217294383,0.538446511613,0.422472799958,0.674373262319,0.482072105529,0.188982417403,0.412860687882,0.6444299853,1.0,0.690365552814,0.559393962888
0.443600596599,0.309434653358,0.254571456374,0.3213946186,0.71716246035,0.463587880165,0.184461847411,0.493536233809,0.470789144984,0.90386853689,1.0,0.388125069539
1.0,0.483264888211,0.576733457421,0.360852692322,0.458054779329,0.28965871363,0.386815718143,0.729342715245,0.488433544607,0.661779862601,0.691904857939,0.935376333043
1.0,0.312091432125,0.448121375329,0.371060837646,0.234019595018,0.20494828056,0.617165362274,0.74775864047,0.187668733071,0.390677368815,0.539736828113,0.959392489923
0.431211503727,0.428047393207,0.633807929207,0.686907320524,0.569187569191,0.449697839311,0.619724105855,1.0,0.656023213069,0.313251566929,0.354208676149,0.427812489097
0.689567434729,0.431528083299,0.574759965566,0.813720256867,0.472563515468,0.360885119789,0.432285459723,0.694417444399,0.624565652408,0.246706067788,0.368139691756,1.0
0.825562823831,1.0,0.781750913752,0.511973400609,0.277368406759,0.152700030389,0.160898399057,0.618702424255,0.443231329601,0.241474863919,0.243718760401,0.425589324244
0.970500157793,1.0,0.661650774399,0.519793293707,0.505424917419,0.479579137226,0.262067822215,0.711166715267,0.607648173816,0.331650295025,0.362933376221,0.379064019249
0.820988904785,0.582260416543,0.95971374029,1.0,0.492397641396,0.368983928994,0.507418779303,0.355783407155,0.271164454841,0.615154770698,0.529676915255,0.762907987828
0.705713112448,0.317124274801,0.245304423908,0.281277624395,0.150326230061,0.189692439027,0.58577362173,0.27839568343,0.172959639597,0.526103042007,0.710286612783,1.0
0.43152677802,0.323838305895,0.396361249566,0.27937161145,0.66363967919,0.639579887392,0.737221249767,0.752266833344,0.175120252439,0.212821724089,0.191393772156,1.0
0.709882246868,0.649255758398,1.0,0.95244420621,0.604697048201,0.513769407004,0.393180443594,0.460749911486,0.276729233635,0.334245276925,0.59781801685,0.546921006043
0.484586072486,0.728350554996,0.404318491989,0.51556559448,0.220850035462,0.202417529029,0.536295818346,0.228957271589,0.109312851025,0.59319359701,0.517366803176,1.0
0.379126213315,0.236566688563,0.202817354688,1.0,0.885002620531,0.384077386134,0.17818635055,0.203182591231,0.216001449646,0.451555228136,0.745613292249,0.964915083356
0.441,0.339,0.128,0.14,0.321,0.505,0.226,0.313,0.381,0.496,0.524,1.0
